Cell	Plate Number	Classification	Percent_Mitochondrial	Clusters
X001_1	P1	engaging	9.33773053255568	0
X002_1	P1	engaging	10.788370705997	6
X003_1	P1	engaging	18.5650896148763	0
X004_1	P1	engaging	27.0248112537168	2
X006_1	P1	engaging	21.4947272757731	2
X007_1	P1	engaging	17.013862807448	0
X008_1	P1	engaging	21.3730377019392	2
X009_1	P1	engaging	17.2121169374325	0
X010_1	P1	engaging	14.2235278446721	0
X012_1	P1	engaging	25.7332433874687	0
X013_1	P1	engaging	17.7082969709471	0
X019_1	P1	engaging	18.531083549413	2
X020_1	P1	engaging	8.93617401083551	0
X022_1	P1	engaging	19.3132758697958	0
X025_1	P1	engaging	17.8485856905158	0
X026_1	P1	engaging	8.00297987595231	3
X027_1	P1	engaging	13.1490057293646	0
X028_1	P1	engaging	14.0773413309799	0
X029_1	P1	engaging	19.4981484342891	0
X030_1	P1	engaging	17.1371215164789	0
X031_1	P1	engaging	12.7538744397756	0
X032_1	P1	engaging	20.9319579477665	0
X033_1	P1	engaging	14.6464670319289	2
X035_1	P1	engaging	19.1620294322036	2
X038_1	P1	engaging	18.0277345024846	0
X040_1	P1	engaging	19.4281940257292	2
X042_1	P1	engaging	24.1309740217003	2
X043_1	P1	engaging	15.2728720688113	0
X044_1	P1	engaging	19.8338525441329	0
X046_1	P1	engaging	23.5857553715517	0
X049_1	P1	engaging	13.3373340703543	3
X050_1	P1	engaging	7.90623367055859	2
X051_1	P1	engaging	26.3862939989537	0
X052_1	P1	engaging	23.6155694796831	4
X055_1	P1	engaging	8.26161303986317	0
X056_1	P1	engaging	9.72563869803121	6
X057_1	P1	engaging	16.8564165058038	2
X058_1	P1	engaging	19.0500225848297	0
X059_1	P1	engaging	25.6897895557288	0
X061_1	P1	engaging	22.3759099933819	0
X064_1	P1	engaging	9.7936716748598	0
X066_1	P1	engaging	18.575235084609	0
X068_1	P1	engaging	15.7554197276961	2
X069_1	P1	engaging	15.9551078880369	0
X070_1	P1	engaging	5.08482031582187	4
X071_1	P1	engaging	12.5444240997471	2
X073_1	P1	engaging	6.73738605891222	2
X074_1	P1	engaging	8.89855267349585	4
X076_1	P1	engaging	18.341102716605	0
X077_1	P1	engaging	21.2173215688222	2
X078_1	P1	engaging	15.5661464104161	3
X079_1	P1	engaging	20.1399284763805	0
X080_1	P1	engaging	11.8335195900391	0
X081_1	P1	engaging	16.4593992669509	0
X082_1	P1	engaging	18.5332247820642	0
X083_1	P1	engaging	18.9245255539162	0
X084_1	P1	engaging	13.1732331225467	0
X087_1	P1	engaging	11.4879534224537	0
X089_1	P1	engaging	7.85141939021211	0
X090_1	P1	engaging	14.4519709945988	0
X091_1	P1	engaging	20.1541317636404	2
X092_1	P1	engaging	12.8749847466236	0
X094_1	P1	engaging	10.171818630582	0
X096_1	P1	engaging	10.0253800351215	0
X097_1	P1	engaging	28.1894922420683	0
X098_1	P1	engaging	15.8743431973341	0
X099_1	P1	engaging	7.33374883257813	0
X102_1	P1	engaging	17.8385621157231	0
X103_1	P1	engaging	13.427396364437	0
X104_1	P1	engaging	15.9506198056535	4
X105_1	P1	engaging	19.5815764996086	2
X106_1	P1	engaging	20.2287644535439	0
X107_1	P1	engaging	14.626971322458	0
X108_1	P1	engaging	23.4070447602507	0
X109_1	P1	engaging	14.2231011686206	0
X110_1	P1	engaging	14.0020610209415	0
X111_1	P1	engaging	22.1872870487384	0
X112_1	P1	engaging	20.6226506076171	2
X113_1	P1	engaging	25.0270197498958	0
X114_1	P1	engaging	16.4407206644565	0
X115_1	P1	engaging	13.7396312863719	4
X116_1	P1	engaging	17.8276554902414	0
X117_1	P1	engaging	17.2124572440575	0
X118_1	P1	engaging	16.1144838034364	0
X119_1	P1	engaging	19.9153759048812	0
X120_1	P1	engaging	22.9348895568734	0
X122_1	P1	engaging	18.1017516936959	0
X123_1	P1	engaging	17.5396579357408	0
X125_1	P1	engaging	18.3422422587386	0
X126_1	P1	engaging	28.1616542608231	2
X127_1	P1	engaging	16.6493591731963	0
X128_1	P1	engaging	14.2922640797025	0
X130_1	P1	engaging	15.7437827783372	0
X131_1	P1	engaging	15.4315540713581	2
X133_1	P1	engaging	11.8300662344483	0
X134_1	P1	engaging	19.1884936365456	0
X135_1	P1	engaging	20.4941871257892	2
X137_1	P1	engaging	19.6297893847822	0
X138_1	P1	engaging	19.3836811198509	3
X139_1	P1	engaging	22.5300964470518	0
X140_1	P1	engaging	13.997019180522	2
X142_1	P1	engaging	19.7667846968316	0
X143_1	P1	engaging	25.6229377752979	3
X144_1	P1	engaging	15.4178609950717	0
X145_1	P1	engaging	15.9201045702778	0
X146_1	P1	engaging	23.8822597671902	0
X147_1	P1	engaging	15.9025356066755	0
X148_1	P1	engaging	16.4533529068563	0
X149_1	P1	engaging	14.3244593018556	0
X151_1	P1	engaging	20.8094430743937	2
X152_1	P1	engaging	20.2877958622911	3
X153_1	P1	engaging	24.884225327455	0
X154_1	P1	engaging	8.72419832958517	0
X155_1	P1	engaging	6.43944081137172	2
X156_1	P1	engaging	16.447712723555	0
X158_1	P1	engaging	18.1366231053555	0
X159_1	P1	engaging	10.6167846309403	0
X161_1	P1	engaging	10.7665799697325	0
X162_1	P1	engaging	19.6560264526944	0
X163_1	P1	engaging	9.39085695095264	0
X164_1	P1	engaging	20.174740591517	0
X165_1	P1	engaging	19.9701478711308	0
X166_1	P1	engaging	22.8619609156361	2
X167_1	P1	engaging	18.8931558519652	0
X169_1	P1	engaging	23.8412258407259	0
X170_1	P1	engaging	15.7203419802979	0
X171_1	P1	engaging	22.4229720383265	2
X172_1	P1	engaging	18.6663604365562	3
X173_1	P1	engaging	24.3268969621499	0
X174_1	P1	engaging	15.6644698065024	4
X175_1	P1	engaging	19.4736472336284	0
X176_1	P1	engaging	28.0418312904718	2
X177_1	P1	engaging	17.0607165226769	3
X178_1	P1	engaging	21.2188691155405	2
X179_1	P1	engaging	19.8392287662014	0
X181_1	P1	engaging	23.8799164842998	0
X182_1	P1	engaging	16.3167842043064	3
X183_1	P1	engaging	17.2463125462841	3
X184_1	P1	engaging	22.8734429091928	0
X185_1	P1	engaging	24.0759417551809	0
X188_1	P1	engaging	17.158604855218	0
X189_1	P1	engaging	5.45889505889193	2
X190_1	P1	engaging	22.7170562723329	6
X191_1	P1	engaging	10.8729061980322	2
X192_1	P1	engaging	27.4276464215788	0
X194_1	P1	engaging	20.726149875073	0
X195_1	P1	engaging	13.4805699554146	0
X197_1	P1	engaging	19.91309673	2
X199_1	P1	engaging	10.6892307617538	6
X201_1	P1	engaging	13.5170667634924	0
X203_1	P1	engaging	18.1892857842547	2
X204_1	P1	engaging	22.2190965528463	0
X205_1	P1	engaging	20.2948541505823	0
X206_1	P1	engaging	20.8742612419699	0
X207_1	P1	engaging	18.385532456489	3
X208_1	P1	engaging	12.2473584199464	2
X211_1	P1	engaging	20.0487837995111	3
X212_1	P1	engaging	24.7662746249226	0
X213_1	P1	engaging	16.7726692229662	0
X214_1	P1	engaging	22.7392783142421	3
X216_1	P1	engaging	10.4748553077185	2
X217_1	P1	engaging	27.6561070874211	2
X218_1	P1	engaging	14.5517351319053	0
X219_1	P1	engaging	16.4330112527901	0
X220_1	P1	engaging	13.2415474024683	0
X221_1	P1	engaging	22.3782061307475	0
X222_1	P1	engaging	14.9647146365379	0
X223_1	P1	engaging	14.3191332971141	0
X224_1	P1	engaging	19.327518406171	2
X225_1	P1	engaging	17.4363531923656	0
X226_1	P1	engaging	22.5344296278393	3
X228_1	P1	engaging	28.5257658212374	2
X229_1	P1	engaging	20.5769621210166	0
X230_1	P1	engaging	21.9734443044347	2
X231_1	P1	engaging	15.4976668765899	3
X232_1	P1	engaging	24.229927305956	0
X233_1	P1	engaging	14.7321724851998	3
X235_1	P1	engaging	15.3988349880072	0
X236_1	P1	engaging	24.1140412135723	2
X237_1	P1	engaging	26.6026846650985	3
X238_1	P1	engaging	27.3477796710606	0
X241_1	P1	engaging	18.8670520737913	2
X242_1	P1	engaging	11.0742101490503	0
X243_1	P1	engaging	9.32971904979988	2
X244_1	P1	engaging	18.3927104923546	0
X245_1	P1	engaging	15.4462404668301	0
X246_1	P1	engaging	16.5890640852576	0
X247_1	P1	engaging	16.017564676391	0
X248_1	P1	engaging	25.1895219003471	2
X249_1	P1	engaging	18.6974361050796	0
X250_1	P1	engaging	10.7831297170305	0
X253_1	P1	engaging	3.81021151889058	3
X255_1	P1	engaging	20.9516395749771	6
X256_1	P1	engaging	19.3294103633114	0
X257_1	P1	engaging	16.1042714017888	3
X258_1	P1	engaging	14.5616973304839	0
X259_1	P1	engaging	18.4981746747718	0
X260_1	P1	engaging	12.0182545784296	4
X261_1	P1	engaging	19.4808716041274	2
X265_1	P1	engaging	18.7371490731962	3
X266_1	P1	engaging	14.1615952952561	0
X267_1	P1	engaging	12.6079477484872	0
X268_1	P1	engaging	22.9942367483127	2
X269_1	P1	engaging	21.5684020817624	0
X270_1	P1	engaging	25.2408999976089	2
X271_1	P1	engaging	20.0776836819526	4
X272_1	P1	engaging	19.7493692213861	0
X273_1	P1	engaging	26.8975383788987	3
X274_1	P1	engaging	17.1279822806943	0
X275_1	P1	engaging	14.2696495721536	2
X277_1	P1	engaging	27.0347413427935	0
X278_1	P1	engaging	25.9040550863727	4
X279_1	P1	engaging	11.9067945794319	0
X280_1	P1	engaging	24.9534484198665	2
X281_1	P1	engaging	20.0517622765136	6
X282_1	P1	engaging	27.2384607925951	0
X284_1	P1	engaging	15.9913299071016	4
X285_1	P1	engaging	7.41510807727365	0
X286_1	P1	engaging	21.5243837436242	0
X287_1	P1	engaging	15.7872885965637	0
X288_1	P1	engaging	11.6248244412166	2
X289_1	P1	engaging	8.18867933184031	0
X290_1	P1	engaging	10.7470482653376	0
X291_1	P1	engaging	11.4484354333	0
X292_1	P1	engaging	16.6937135065532	0
X293_1	P1	engaging	11.2196398692586	3
X294_1	P1	engaging	13.3831834896282	0
X295_1	P1	engaging	18.3941153921963	3
X296_1	P1	engaging	14.6284170500546	0
X297_1	P1	engaging	26.0147718528463	0
X298_1	P1	engaging	13.9946318888644	0
X299_1	P1	engaging	16.1365214644665	0
X301_1	P1	engaging	10.2189804105112	0
X304_1	P1	engaging	13.721747153047	0
X305_1	P1	engaging	14.5944434923101	0
X306_1	P1	engaging	21.7043412048539	0
X307_1	P1	engaging	18.3655485145791	0
X308_1	P1	engaging	17.7902762955951	0
X309_1	P1	engaging	14.5720049073891	3
X310_1	P1	engaging	19.9840597644825	2
X312_1	P1	engaging	10.4242542035598	2
X313_1	P1	engaging	7.75093554172845	2
X314_1	P1	engaging	24.2860469244995	0
X315_1	P1	engaging	15.5770116338499	2
X316_1	P1	engaging	10.536010456936	0
X317_1	P1	engaging	10.3123909816341	0
X318_1	P1	engaging	17.0964062274926	0
X319_1	P1	engaging	15.272542620787	6
X320_1	P1	engaging	23.4084969297429	2
X321_1	P1	engaging	20.2389310958858	2
X322_1	P1	engaging	21.4147907379674	0
X323_1	P1	engaging	19.1760618652402	0
X324_1	P1	engaging	6.75700336379358	0
X325_1	P1	engaging	17.0026794713165	0
X327_1	P1	engaging	18.4831747143145	2
X328_1	P1	engaging	16.9014265316923	0
X330_1	P1	engaging	12.968168226102	3
X331_1	P1	engaging	21.4263755444085	0
X333_1	P1	engaging	15.9511949278003	0
X337_1	P1	engaging	13.9516050326114	3
X338_1	P1	engaging	17.7978133883301	0
X339_1	P1	engaging	17.3059803379197	3
X340_1	P1	engaging	19.1608015448262	4
X341_1	P1	engaging	17.5909730415708	0
X343_1	P1	engaging	20.6637763239502	3
X346_1	P1	engaging	14.2676640482666	0
X347_1	P1	engaging	19.8994928120541	3
X348_1	P1	engaging	19.0244236417086	0
X349_1	P1	engaging	26.9670611619954	0
X350_1	P1	engaging	16.2050234621919	0
X351_1	P1	engaging	16.7335654733386	0
X352_1	P1	engaging	21.4907423705977	3
X354_1	P1	engaging	16.4286560056577	2
X355_1	P1	engaging	20.7866867251748	2
X356_1	P1	engaging	19.482391206332	2
X362_1	P1	engaging	19.3308183255401	3
X363_1	P1	engaging	20.7159830051904	3
X364_1	P1	engaging	10.6126530309924	0
X365_1	P1	engaging	18.1055086786869	0
X366_1	P1	engaging	18.820624027437	2
X367_1	P1	engaging	17.668325221349	0
X368_1	P1	engaging	22.4112965516944	0
X369_1	P1	engaging	11.2665394361432	3
X370_1	P1	engaging	4.39647066179381	0
X371_1	P1	engaging	24.3099988296114	2
X372_1	P1	engaging	15.2644952387325	0
X373_1	P1	engaging	16.4111228322048	0
X374_1	P1	engaging	20.7581087407209	0
X375_1	P1	engaging	19.4665070016374	0
X376_1	P1	engaging	18.8377267450864	2
X377_1	P1	engaging	23.2588190887921	2
X378_1	P1	engaging	18.0989173531097	2
X379_1	P1	engaging	21.1591539172399	2
X380_1	P1	engaging	7.4043205953385	2
X002_2	P2	engaging	13.8079905693159	0
X005_2	P2	engaging	20.8162670511025	0
X009_2	P2	engaging	18.7986968704518	0
X012_2	P2	engaging	21.0952053658189	0
X013_2	P2	engaging	11.0600400874636	4
X014_2	P2	engaging	21.5673601888741	3
X015_2	P2	engaging	22.8631133377091	2
X016_2	P2	engaging	17.0716555432165	0
X017_2	P2	engaging	17.0806291756881	2
X018_2	P2	engaging	14.5226304882341	0
X019_2	P2	engaging	19.8174374861695	2
X020_2	P2	engaging	27.0336423526835	0
X021_2	P2	engaging	29.4140627501713	0
X022_2	P2	engaging	19.0234924938079	2
X023_2	P2	engaging	22.8864667390568	3
X025_2	P2	engaging	25.6729723330737	2
X026_2	P2	engaging	17.4433229180693	0
X027_2	P2	engaging	16.2802529158769	0
X028_2	P2	engaging	25.1485620284758	2
X029_2	P2	engaging	22.495199005241	0
X032_2	P2	engaging	24.6306639376353	2
X034_2	P2	engaging	16.6782660094765	2
X035_2	P2	engaging	17.0258640114003	0
X036_2	P2	engaging	18.4765164936724	0
X037_2	P2	engaging	15.9778488951568	0
X039_2	P2	engaging	21.8703548840556	2
X040_2	P2	engaging	23.9344640295142	0
X041_2	P2	engaging	16.0802355914241	0
X042_2	P2	engaging	22.6652882032166	0
X043_2	P2	engaging	12.39221889039	4
X044_2	P2	engaging	23.8677846130677	2
X045_2	P2	engaging	19.4670148787082	0
X046_2	P2	engaging	20.4801582544059	0
X048_2	P2	engaging	16.5509624157795	0
X049_2	P2	engaging	22.6564289616042	0
X050_2	P2	engaging	24.519811046529	0
X051_2	P2	engaging	16.2783771367013	0
X052_2	P2	engaging	23.9716267482697	0
X053_2	P2	engaging	17.4178186486728	0
X054_2	P2	engaging	19.3266230305948	0
X055_2	P2	engaging	16.6929033561303	6
X056_2	P2	engaging	15.2567001762148	0
X057_2	P2	engaging	16.7292231767277	0
X058_2	P2	engaging	20.9702240054616	2
X061_2	P2	engaging	22.8082590440562	0
X062_2	P2	engaging	28.328689065703	0
X063_2	P2	engaging	22.7462221455715	0
X066_2	P2	engaging	25.7153635897728	3
X067_2	P2	engaging	18.8283125844918	0
X068_2	P2	engaging	22.4170509486297	2
X069_2	P2	engaging	29.7181476215331	0
X070_2	P2	engaging	24.5003503386607	2
X071_2	P2	engaging	8.83899543976784	0
X072_2	P2	engaging	12.6144420792938	3
X074_2	P2	engaging	24.4840735299503	0
X076_2	P2	engaging	17.9749639067942	0
X077_2	P2	engaging	28.5394627289646	2
X078_2	P2	engaging	12.9884211703624	0
X080_2	P2	engaging	23.3578000709766	0
X081_2	P2	engaging	21.7047633285703	0
X082_2	P2	engaging	9.00383166419328	4
X083_2	P2	engaging	18.3933595343942	0
X084_2	P2	engaging	20.0353685010603	0
X086_2	P2	engaging	27.0116149944476	2
X087_2	P2	engaging	13.5041364725157	0
X088_2	P2	engaging	13.4532728376705	0
X090_2	P2	engaging	23.8113267907291	0
X091_2	P2	engaging	10.2128096095274	3
X092_2	P2	engaging	22.0857154627472	0
X093_2	P2	engaging	17.4527592043147	0
X094_2	P2	engaging	16.7103878844929	0
X095_2	P2	engaging	20.1119835242631	0
X096_2	P2	engaging	17.966306417906	0
X097_2	P2	engaging	24.2788943872458	0
X098_2	P2	engaging	5.6102347877982	0
X099_2	P2	engaging	21.081567586533	0
X100_2	P2	engaging	22.0594800335462	0
X103_2	P2	engaging	24.930156077165	2
X104_2	P2	engaging	15.6583044750476	2
X105_2	P2	engaging	24.8122850742972	2
X106_2	P2	engaging	22.6027469995178	2
X107_2	P2	engaging	11.4653605582973	3
X108_2	P2	engaging	14.4516426956962	0
X109_2	P2	engaging	26.9181161458803	2
X111_2	P2	engaging	18.4746196017535	0
X112_2	P2	engaging	29.8568951444246	0
X115_2	P2	engaging	22.3005366316922	2
X116_2	P2	engaging	24.490695854311	0
X117_2	P2	engaging	25.1808124174373	2
X118_2	P2	engaging	17.3953976096349	2
X119_2	P2	engaging	19.5256067951986	0
X120_2	P2	engaging	14.9122565258692	0
X121_2	P2	engaging	18.243029434593	3
X123_2	P2	engaging	18.6672329034105	4
X124_2	P2	engaging	25.4700558574241	0
X126_2	P2	engaging	16.9008934728142	0
X127_2	P2	engaging	19.7342140130915	4
X128_2	P2	engaging	25.7247437774524	3
X131_2	P2	engaging	20.5921655704249	3
X132_2	P2	engaging	19.6220045801455	0
X133_2	P2	engaging	18.2319189629524	0
X135_2	P2	engaging	26.4275195198533	0
X136_2	P2	engaging	26.0285055345707	3
X137_2	P2	engaging	16.1510739058144	0
X138_2	P2	engaging	27.74720075908	3
X141_2	P2	engaging	21.316942854544	0
X142_2	P2	engaging	21.1421787009705	0
X144_2	P2	engaging	14.8036288602751	0
X145_2	P2	engaging	20.2992801647055	0
X146_2	P2	engaging	15.0827211487404	0
X147_2	P2	engaging	21.2426209975869	3
X148_2	P2	engaging	21.8028191298385	0
X149_2	P2	engaging	15.793970366034	0
X150_2	P2	engaging	18.5264069889173	2
X151_2	P2	engaging	22.9075526864643	0
X152_2	P2	engaging	24.5839413530695	2
X153_2	P2	engaging	19.6965696895571	0
X154_2	P2	engaging	19.7862545316247	0
X155_2	P2	engaging	21.6056882786831	0
X157_2	P2	engaging	27.9566321979626	0
X158_2	P2	engaging	18.9713145923117	0
X159_2	P2	engaging	21.650958911946	0
X160_2	P2	engaging	22.6023371274995	2
X161_2	P2	engaging	17.0055767635548	0
X162_2	P2	engaging	21.7221587207944	0
X163_2	P2	engaging	26.2773722627737	4
X164_2	P2	engaging	20.3381979142746	0
X165_2	P2	engaging	28.4762283995511	0
X166_2	P2	engaging	22.8767072285343	0
X167_2	P2	engaging	26.7150549133754	0
X168_2	P2	engaging	21.1406997995333	3
X169_2	P2	engaging	16.5806783260603	0
X170_2	P2	engaging	22.0118828793049	0
X171_2	P2	engaging	25.0398721078002	0
X172_2	P2	engaging	20.3122803180604	0
X173_2	P2	engaging	15.9197785130663	0
X174_2	P2	engaging	24.9023246186317	2
X175_2	P2	engaging	15.9626744699012	0
X176_2	P2	engaging	10.9172785836128	0
X177_2	P2	engaging	21.2442210656445	0
X178_2	P2	engaging	17.3724895513555	0
X179_2	P2	engaging	15.9653001033147	3
X180_2	P2	engaging	16.9306912311024	0
X183_2	P2	engaging	20.8806269653003	0
X184_2	P2	engaging	20.208257406154	0
X185_2	P2	engaging	22.8696369858254	0
X186_2	P2	engaging	17.5786063185965	0
X191_2	P2	engaging	22.292003827908	0
X192_2	P2	engaging	18.0285409882805	3
X193_2	P2	engaging	16.6784800892017	2
X194_2	P2	engaging	18.652254615771	0
X195_2	P2	engaging	18.4521353696962	0
X196_2	P2	engaging	14.8549279483074	4
X197_2	P2	engaging	18.8401788765392	0
X198_2	P2	engaging	23.08751647254	0
X199_2	P2	engaging	20.6790354906011	2
X200_2	P2	engaging	21.6353705792776	0
X201_2	P2	engaging	19.7726960885773	0
X202_2	P2	engaging	10.4672348919068	0
X203_2	P2	engaging	24.2640204427185	2
X204_2	P2	engaging	23.7192867569817	0
X205_2	P2	engaging	24.5660601742828	2
X206_2	P2	engaging	14.0190158666701	0
X207_2	P2	engaging	22.4956081430195	4
X208_2	P2	engaging	17.5162173780738	0
X209_2	P2	engaging	21.6736359514333	0
X210_2	P2	engaging	15.0761137077795	0
X211_2	P2	engaging	15.490204259225	0
X213_2	P2	engaging	22.4869572692739	0
X215_2	P2	engaging	28.2533398298536	0
X216_2	P2	engaging	20.7585666217052	2
X217_2	P2	engaging	22.6583213804494	3
X218_2	P2	engaging	19.7218611322784	0
X220_2	P2	engaging	17.773124978722	0
X221_2	P2	engaging	28.4727033453677	2
X223_2	P2	engaging	17.4870972241596	2
X224_2	P2	engaging	19.6584838405219	2
X227_2	P2	engaging	22.1153158559652	0
X228_2	P2	engaging	27.5977178032628	0
X229_2	P2	engaging	23.2270176261982	2
X230_2	P2	engaging	24.0823527149669	2
X231_2	P2	engaging	27.3029500273915	2
X232_2	P2	engaging	21.8222979502221	2
X233_2	P2	engaging	21.859487793581	3
X234_2	P2	engaging	23.439317792776	0
X235_2	P2	engaging	20.9092825365832	3
X236_2	P2	engaging	24.4155027695654	2
X238_2	P2	engaging	21.9994971224227	0
X239_2	P2	engaging	16.0569775747443	0
X240_2	P2	engaging	23.1361984058663	2
X241_2	P2	engaging	21.4700987529214	0
X242_2	P2	engaging	11.6206406334008	0
X244_2	P2	engaging	17.903414471119	2
X245_2	P2	engaging	20.3181797847136	0
X247_2	P2	engaging	22.6571905628427	3
X248_2	P2	engaging	18.9892485123623	3
X249_2	P2	engaging	20.7717411295826	0
X251_2	P2	engaging	22.3186420035015	0
X253_2	P2	engaging	24.0167060478654	0
X254_2	P2	engaging	11.2215461765476	0
X255_2	P2	engaging	29.7822239493251	0
X256_2	P2	engaging	23.9627962224972	0
X258_2	P2	engaging	22.3922574241046	3
X259_2	P2	engaging	20.1585789854157	0
X260_2	P2	engaging	26.6288245761187	0
X261_2	P2	engaging	16.3956525046272	0
X262_2	P2	engaging	21.4034869962804	0
X263_2	P2	engaging	22.5054967047567	0
X264_2	P2	engaging	21.5008694686201	0
X265_2	P2	engaging	20.7740729119306	0
X266_2	P2	engaging	19.2807722352416	3
X267_2	P2	engaging	19.3214659685864	0
X268_2	P2	engaging	16.3624601672377	0
X269_2	P2	engaging	22.815708267246	4
X270_2	P2	engaging	22.2249560632689	2
X271_2	P2	engaging	19.8758818569264	3
X272_2	P2	engaging	19.3680804312653	3
X273_2	P2	engaging	26.586478893973	0
X274_2	P2	engaging	29.0927061405219	2
X275_2	P2	engaging	21.9698164275121	0
X276_2	P2	engaging	20.6166795321665	3
X277_2	P2	engaging	29.9876933996554	2
X278_2	P2	engaging	26.2879014682543	0
X279_2	P2	engaging	24.8906738740927	0
X280_2	P2	engaging	21.5186488926058	3
X281_2	P2	engaging	22.7149630004783	0
X282_2	P2	engaging	21.0514653547783	0
X283_2	P2	engaging	22.6175930805769	3
X284_2	P2	engaging	22.098054464044	0
X285_2	P2	engaging	15.0369204130273	0
X286_2	P2	engaging	18.5617139371838	0
X287_2	P2	engaging	26.1570958541056	0
X288_2	P2	engaging	21.7995952366068	3
X289_2	P2	engaging	16.0594212178774	0
X290_2	P2	engaging	19.6795906384644	0
X291_2	P2	engaging	23.492030287759	0
X292_2	P2	engaging	24.9365993465198	0
X293_2	P2	engaging	22.5505879024316	2
X294_2	P2	engaging	12.7166427518733	0
X295_2	P2	engaging	16.9681771952166	0
X297_2	P2	engaging	21.1784951231696	0
X300_2	P2	engaging	20.6789933725541	3
X301_2	P2	engaging	23.6704150080928	0
X303_2	P2	engaging	27.4722098710538	0
X304_2	P2	engaging	25.951294162501	0
X305_2	P2	engaging	13.8651995416905	0
X306_2	P2	engaging	20.9902392132873	0
X307_2	P2	engaging	20.3916506320481	2
X308_2	P2	engaging	26.8561113013165	2
X309_2	P2	engaging	13.3478944909096	4
X310_2	P2	engaging	20.4254490098503	0
X311_2	P2	engaging	16.8908780094021	0
X312_2	P2	engaging	17.0017106984449	0
X313_2	P2	engaging	16.0280141452094	0
X314_2	P2	engaging	16.9511223067983	0
X315_2	P2	engaging	16.8420276660756	0
X316_2	P2	engaging	18.8524627377272	3
X317_2	P2	engaging	20.4626701821218	0
X318_2	P2	engaging	19.8233938725401	0
X319_2	P2	engaging	18.0909378299225	0
X320_2	P2	engaging	19.6541631257875	3
X321_2	P2	engaging	20.8282160993659	0
X322_2	P2	engaging	17.2564760860099	0
X324_2	P2	engaging	18.5631255050662	3
X325_2	P2	engaging	20.5851723880891	3
X326_2	P2	engaging	18.2111931649241	0
X327_2	P2	engaging	18.4678928117876	3
X328_2	P2	engaging	17.989555008848	3
X329_2	P2	engaging	13.3063954638843	0
X330_2	P2	engaging	13.5412750385647	0
X331_2	P2	engaging	16.4757889325424	4
X332_2	P2	engaging	19.4831749362712	3
X333_2	P2	engaging	20.8954750017859	2
X334_2	P2	engaging	12.929353671805	0
X335_2	P2	engaging	24.4585445589388	2
X337_2	P2	engaging	21.8894326579979	0
X338_2	P2	engaging	18.043450249878	0
X339_2	P2	engaging	15.7838306167759	0
X340_2	P2	engaging	14.5396948651476	0
X341_2	P2	engaging	19.4977530799785	2
X342_2	P2	engaging	15.1965865835151	3
X343_2	P2	engaging	26.2886764160526	0
X344_2	P2	engaging	24.2157931407845	3
X345_2	P2	engaging	18.9843803380843	2
X346_2	P2	engaging	21.7418231256844	3
X347_2	P2	engaging	17.8779309183312	0
X348_2	P2	engaging	18.7816239842684	0
X349_2	P2	engaging	29.7256685719495	0
X351_2	P2	engaging	25.6356658303617	2
X352_2	P2	engaging	22.6721350203126	0
X353_2	P2	engaging	20.0929295484802	3
X354_2	P2	engaging	24.4982366860134	3
X355_2	P2	engaging	22.7728835393355	2
X356_2	P2	engaging	8.70329378964578	0
X361_2	P2	engaging	18.5810532105046	0
X362_2	P2	engaging	19.9905825949231	3
X363_2	P2	engaging	20.0547076391265	0
X364_2	P2	engaging	18.7322394852309	0
X365_2	P2	engaging	22.5709484354499	2
X366_2	P2	engaging	29.5222223440452	0
X367_2	P2	engaging	25.0694892888228	0
X368_2	P2	engaging	25.1394079076763	0
X370_2	P2	engaging	18.5289093675537	0
X371_2	P2	engaging	19.1122144911217	3
X372_2	P2	engaging	16.2236416233558	0
X373_2	P2	engaging	19.5060994190561	0
X374_2	P2	engaging	16.5504669945404	0
X375_2	P2	engaging	23.963383536794	0
X376_2	P2	engaging	25.8821684531811	2
X377_2	P2	engaging	18.7222133603296	0
X378_2	P2	engaging	26.2897935476155	2
X379_2	P2	engaging	21.7013392832768	0
X380_2	P2	engaging	20.5972422561481	4
X001_3	P3	engaging	15.8763672892328	4
X002_3	P3	engaging	24.3805860391447	2
X003_3	P3	engaging	17.3484826057081	3
X004_3	P3	engaging	18.7073908528601	2
X005_3	P3	engaging	10.5198704707217	0
X006_3	P3	engaging	17.4303150019562	0
X008_3	P3	engaging	13.5746844781703	3
X009_3	P3	engaging	15.7296764113653	0
X012_3	P3	engaging	24.9589393849779	2
X013_3	P3	engaging	20.9743853334398	0
X014_3	P3	engaging	24.9198537376148	0
X016_3	P3	engaging	18.7753012144583	2
X017_3	P3	engaging	24.2974158852403	2
X019_3	P3	engaging	20.2988848147919	0
X020_3	P3	engaging	6.35503753625661	0
X023_3	P3	engaging	19.876096000542	0
X025_3	P3	engaging	27.2085339640882	0
X026_3	P3	engaging	22.5946048361341	0
X027_3	P3	engaging	24.0229028961159	0
X029_3	P3	engaging	23.9725231204262	0
X030_3	P3	engaging	21.0444363460819	0
X033_3	P3	engaging	19.812697164557	2
X034_3	P3	engaging	21.1895299274601	0
X035_3	P3	engaging	20.8400453433566	2
X036_3	P3	engaging	11.6932154448673	4
X037_3	P3	engaging	20.4261571789357	0
X038_3	P3	engaging	24.3963216867996	0
X041_3	P3	engaging	18.2966842674538	0
X043_3	P3	engaging	18.6376757060021	0
X045_3	P3	engaging	12.8368039157595	0
X046_3	P3	engaging	22.112684379424	3
X047_3	P3	engaging	12.05855430225	0
X048_3	P3	engaging	20.9678976634574	2
X049_3	P3	engaging	24.6045395551683	2
X050_3	P3	engaging	26.7774704189689	0
X051_3	P3	engaging	20.8753982988222	3
X052_3	P3	engaging	25.9138659298121	0
X053_3	P3	engaging	20.9509604305759	0
X055_3	P3	engaging	16.4559089799221	3
X057_3	P3	engaging	21.9096394573936	6
X059_3	P3	engaging	12.7163835580913	0
X060_3	P3	engaging	21.5924482242696	0
X063_3	P3	engaging	25.1363396314675	2
X064_3	P3	engaging	19.1035657889696	2
X065_3	P3	engaging	17.9299805903994	3
X066_3	P3	engaging	15.6977945405565	0
X067_3	P3	engaging	19.2987020601405	0
X069_3	P3	engaging	20.3333200371301	0
X072_3	P3	engaging	29.4976538694977	2
X073_3	P3	engaging	17.9877147340962	0
X074_3	P3	engaging	18.5068986476991	3
X075_3	P3	engaging	20.5443833982752	0
X076_3	P3	engaging	23.4745582325801	0
X077_3	P3	engaging	22.5501443268448	0
X078_3	P3	engaging	23.4721246846894	2
X079_3	P3	engaging	24.8118294142421	2
X080_3	P3	engaging	22.2611614036442	2
X081_3	P3	engaging	25.0068437971733	2
X082_3	P3	engaging	21.788059861958	3
X083_3	P3	engaging	24.5784479896555	0
X084_3	P3	engaging	23.4635492734222	2
X085_3	P3	engaging	10.8778279538697	3
X086_3	P3	engaging	18.7404006303969	0
X087_3	P3	engaging	15.0383636985113	2
X088_3	P3	engaging	24.0924837330073	0
X089_3	P3	engaging	18.8458781760297	3
X090_3	P3	engaging	19.5762747248993	0
X091_3	P3	engaging	21.8077588489957	0
X092_3	P3	engaging	22.3449501288746	0
X093_3	P3	engaging	17.7283986316815	0
X094_3	P3	engaging	22.4971028187345	0
X096_3	P3	engaging	23.3620090218036	0
X097_3	P3	engaging	25.4699835565855	2
X098_3	P3	engaging	18.8860185131847	3
X099_3	P3	engaging	17.5997814672048	0
X100_3	P3	engaging	17.1445917267428	0
X101_3	P3	engaging	14.6632164383502	0
X102_3	P3	engaging	19.614975054632	3
X103_3	P3	engaging	20.5034269363012	4
X104_3	P3	engaging	22.2779397161984	0
X105_3	P3	engaging	18.4587676493517	0
X106_3	P3	engaging	19.2553164341614	0
X107_3	P3	engaging	29.0136116607346	0
X109_3	P3	engaging	25.4805316259594	2
X110_3	P3	engaging	22.2953279997741	3
X112_3	P3	engaging	20.3172472512312	3
X113_3	P3	engaging	21.0598846937188	0
X114_3	P3	engaging	13.9916378794369	0
X115_3	P3	engaging	23.6857479059098	0
X116_3	P3	engaging	18.8387325223117	0
X117_3	P3	engaging	26.0734090978505	0
X118_3	P3	engaging	23.6536193631717	2
X119_3	P3	engaging	12.0660614572323	0
X120_3	P3	engaging	17.7941857943707	6
X121_3	P3	engaging	22.5847336496711	2
X122_3	P3	engaging	21.7067687398701	0
X124_3	P3	engaging	21.3559518128045	0
X125_3	P3	engaging	17.973126065092	0
X126_3	P3	engaging	22.0888959483665	2
X127_3	P3	engaging	25.1525326863233	4
X128_3	P3	engaging	18.223984694511	0
X129_3	P3	engaging	27.597462224273	2
X130_3	P3	engaging	21.4569444452349	0
X131_3	P3	engaging	18.148917923624	0
X132_3	P3	engaging	23.150887046765	0
X133_3	P3	engaging	18.1009401069859	3
X135_3	P3	engaging	22.3391299177789	0
X137_3	P3	engaging	18.7073351820203	0
X138_3	P3	engaging	16.60739554757	0
X139_3	P3	engaging	17.7087345142586	3
X140_3	P3	engaging	24.4075524723717	2
X142_3	P3	engaging	25.3776540462132	2
X143_3	P3	engaging	18.3879684347426	0
X144_3	P3	engaging	17.4628239702808	3
X145_3	P3	engaging	18.0123744202807	0
X146_3	P3	engaging	13.8341767549926	0
X147_3	P3	engaging	15.7957027122226	0
X148_3	P3	engaging	22.1044595677129	0
X149_3	P3	engaging	16.4625197645884	3
X150_3	P3	engaging	21.7541394777649	0
X151_3	P3	engaging	20.6287877437965	4
X152_3	P3	engaging	20.6906363375069	0
X153_3	P3	engaging	14.8168210877097	3
X155_3	P3	engaging	22.9068076337409	0
X156_3	P3	engaging	21.815964140706	0
X157_3	P3	engaging	19.074819199161	3
X158_3	P3	engaging	19.8150439207835	2
X159_3	P3	engaging	15.1237294662756	0
X160_3	P3	engaging	19.6436070055521	0
X161_3	P3	engaging	21.8764480117344	0
X162_3	P3	engaging	18.0613125578118	0
X163_3	P3	engaging	26.4825372930877	2
X164_3	P3	engaging	27.4769523282594	2
X165_3	P3	engaging	23.820784151444	2
X166_3	P3	engaging	17.1920908127784	0
X167_3	P3	engaging	22.3882381847924	0
X168_3	P3	engaging	17.3951089607758	3
X169_3	P3	engaging	15.5077009020882	2
X170_3	P3	engaging	19.0237554681875	0
X171_3	P3	engaging	23.3534187512981	2
X173_3	P3	engaging	27.7505728092567	0
X174_3	P3	engaging	24.0544485942328	0
X175_3	P3	engaging	21.9243128505184	0
X177_3	P3	engaging	16.7388813615154	2
X178_3	P3	engaging	22.3532479540514	3
X179_3	P3	engaging	16.949415327136	0
X180_3	P3	engaging	23.2149836933573	2
X181_3	P3	engaging	23.7015708567391	2
X182_3	P3	engaging	26.7793513149867	2
X183_3	P3	engaging	23.2550384750286	2
X184_3	P3	engaging	17.8457939230404	0
X186_3	P3	engaging	11.2796818062733	0
X187_3	P3	engaging	17.6012021720632	0
X188_3	P3	engaging	21.3823496084598	2
X189_3	P3	engaging	18.4364275124	6
X190_3	P3	engaging	21.9563367281085	0
X191_3	P3	engaging	23.6281356354006	0
X192_3	P3	engaging	10.2206006553833	0
X001_4	P4	non-engaging	20.9775840597758	4
X002_4	P4	non-engaging	21.0129395027437	2
X003_4	P4	non-engaging	19.1102200453905	2
X004_4	P4	non-engaging	23.0185642295747	3
X005_4	P4	non-engaging	17.6920878382857	0
X006_4	P4	non-engaging	17.6238840670383	3
X007_4	P4	non-engaging	17.3658025022559	3
X009_4	P4	non-engaging	22.3674354324114	2
X010_4	P4	non-engaging	19.6946430453512	0
X012_4	P4	non-engaging	13.8239623406267	2
X013_4	P4	non-engaging	24.9803982056324	0
X014_4	P4	non-engaging	14.9345897712616	3
X017_4	P4	non-engaging	18.9920168017088	2
X018_4	P4	non-engaging	18.1336259498237	0
X019_4	P4	non-engaging	23.9793076244418	2
X020_4	P4	non-engaging	14.7219930546229	0
X021_4	P4	non-engaging	16.0459328146889	3
X022_4	P4	non-engaging	23.2771525754357	3
X024_4	P4	non-engaging	16.5297571240902	3
X027_4	P4	non-engaging	13.6063402000089	3
X028_4	P4	non-engaging	11.9450674831653	3
X029_4	P4	non-engaging	14.841786161823	0
X030_4	P4	non-engaging	18.2994772514956	2
X032_4	P4	non-engaging	12.5525216609144	3
X034_4	P4	non-engaging	23.7238212654306	0
X035_4	P4	non-engaging	13.7589855245279	3
X037_4	P4	non-engaging	22.5404734543783	0
X038_4	P4	non-engaging	16.8510748282859	2
X039_4	P4	non-engaging	24.7032877592092	0
X041_4	P4	non-engaging	13.8971766366305	0
X042_4	P4	non-engaging	19.5656639765224	2
X043_4	P4	non-engaging	18.8295858884094	3
X044_4	P4	non-engaging	20.2178953518092	0
X045_4	P4	non-engaging	18.1370732403811	2
X047_4	P4	non-engaging	25.3340153256904	0
X048_4	P4	non-engaging	15.4112643101358	3
X049_4	P4	non-engaging	20.6445950458999	0
X050_4	P4	non-engaging	19.7287998461957	3
X051_4	P4	non-engaging	9.514002219466	4
X054_4	P4	non-engaging	21.3652053240347	2
X055_4	P4	non-engaging	13.811693415564	3
X056_4	P4	non-engaging	16.1003264475555	3
X058_4	P4	non-engaging	16.0304208082467	0
X059_4	P4	non-engaging	14.3643660243441	0
X060_4	P4	non-engaging	12.8406116055021	0
X061_4	P4	non-engaging	19.5540836777646	3
X062_4	P4	non-engaging	22.1996132099702	2
X063_4	P4	non-engaging	19.1104597023478	2
X067_4	P4	non-engaging	17.7903803743317	0
X068_4	P4	non-engaging	19.9810230439168	2
X069_4	P4	non-engaging	22.3493592837358	0
X071_4	P4	non-engaging	15.8275466436628	3
X072_4	P4	non-engaging	16.0965257769747	0
X074_4	P4	non-engaging	19.0322652640663	2
X075_4	P4	non-engaging	17.3376063727418	2
X076_4	P4	non-engaging	22.9878977950718	2
X078_4	P4	non-engaging	14.9252760896847	6
X079_4	P4	non-engaging	14.9332874337055	0
X082_4	P4	non-engaging	19.6269394158576	0
X083_4	P4	non-engaging	16.0596834351563	2
X084_4	P4	non-engaging	8.96764356725308	0
X085_4	P4	non-engaging	16.7866305927087	0
X086_4	P4	non-engaging	17.7112398778284	3
X087_4	P4	non-engaging	16.4313951065472	0
X088_4	P4	non-engaging	19.1098928803231	0
X089_4	P4	non-engaging	15.9352780681529	2
X090_4	P4	non-engaging	13.4809869478443	3
X091_4	P4	non-engaging	11.8166663329261	3
X092_4	P4	non-engaging	18.1859973503413	0
X093_4	P4	non-engaging	17.1334727787437	0
X094_4	P4	non-engaging	20.5436999073114	0
X096_4	P4	non-engaging	22.2492656068365	0
X097_4	P4	non-engaging	13.9252509935744	6
X098_4	P4	non-engaging	16.6681565271593	2
X101_4	P4	non-engaging	23.0924306913608	0
X102_4	P4	non-engaging	17.8530116825471	3
X103_4	P4	non-engaging	13.5032781755865	0
X105_4	P4	non-engaging	19.6531488308671	3
X106_4	P4	non-engaging	15.6353730106643	3
X107_4	P4	non-engaging	9.49831706665442	3
X108_4	P4	non-engaging	11.1138232447401	6
X109_4	P4	non-engaging	24.1650726609838	0
X110_4	P4	non-engaging	21.4277660661266	3
X111_4	P4	non-engaging	18.9088087058126	3
X112_4	P4	non-engaging	25.2241223742461	2
X113_4	P4	non-engaging	15.9477228992944	0
X114_4	P4	non-engaging	14.374959239752	3
X115_4	P4	non-engaging	18.581907678687	3
X116_4	P4	non-engaging	20.3651388514066	2
X117_4	P4	non-engaging	16.3226848632866	0
X118_4	P4	non-engaging	23.9101699382888	0
X119_4	P4	non-engaging	23.8037459024219	2
X120_4	P4	non-engaging	20.0484138761956	0
X121_4	P4	non-engaging	21.8471795892434	0
X122_4	P4	non-engaging	17.0025339007024	3
X123_4	P4	non-engaging	17.1164478751778	0
X124_4	P4	non-engaging	22.7994813321489	2
X125_4	P4	non-engaging	15.1323107472507	0
X126_4	P4	non-engaging	22.0569994361893	3
X127_4	P4	non-engaging	21.754857017201	1
X128_4	P4	non-engaging	24.5550386906748	0
X129_4	P4	non-engaging	22.3156438896336	0
X130_4	P4	non-engaging	19.1837899236115	0
X131_4	P4	non-engaging	16.0768429428942	3
X132_4	P4	non-engaging	23.1703163830274	0
X134_4	P4	non-engaging	16.3384980759532	3
X136_4	P4	non-engaging	16.7841285419319	3
X137_4	P4	non-engaging	18.6284914738791	0
X138_4	P4	non-engaging	20.4495589059469	3
X139_4	P4	non-engaging	29.5241504141726	5
X140_4	P4	non-engaging	17.1761995371274	3
X142_4	P4	non-engaging	14.7712301042233	4
X144_4	P4	non-engaging	13.5951700259296	2
X145_4	P4	non-engaging	8.26241359924295	0
X146_4	P4	non-engaging	19.3776528300985	0
X147_4	P4	non-engaging	19.1096930973954	6
X148_4	P4	non-engaging	11.7872659028441	3
X149_4	P4	non-engaging	18.7766649153083	3
X150_4	P4	non-engaging	8.58244772351865	2
X151_4	P4	non-engaging	13.2702178104319	0
X152_4	P4	non-engaging	23.4800855374019	2
X153_4	P4	non-engaging	16.5033833741945	0
X154_4	P4	non-engaging	21.3564055926733	0
X155_4	P4	non-engaging	21.6878925586441	3
X157_4	P4	non-engaging	11.3380497276261	6
X158_4	P4	non-engaging	21.6747515164374	0
X159_4	P4	non-engaging	20.1867978948616	2
X160_4	P4	non-engaging	17.4714436809033	0
X161_4	P4	non-engaging	19.9988142974173	0
X163_4	P4	non-engaging	15.1109102618151	3
X164_4	P4	non-engaging	17.2834355943246	0
X165_4	P4	non-engaging	26.1481556807885	3
X166_4	P4	non-engaging	19.6119634545768	0
X167_4	P4	non-engaging	16.3950582933495	3
X168_4	P4	non-engaging	20.234461814141	3
X169_4	P4	non-engaging	23.8828250425078	0
X170_4	P4	non-engaging	21.6207829990678	0
X171_4	P4	non-engaging	18.133623970132	2
X172_4	P4	non-engaging	22.9197248409624	2
X173_4	P4	non-engaging	25.3936932027719	2
X174_4	P4	non-engaging	26.8620791323955	3
X175_4	P4	non-engaging	19.1022869276926	0
X176_4	P4	non-engaging	24.1036691010373	0
X180_4	P4	non-engaging	20.392332460218	3
X181_4	P4	non-engaging	20.9799468318924	3
X182_4	P4	non-engaging	20.5517562843349	0
X184_4	P4	non-engaging	17.2373504673457	3
X186_4	P4	non-engaging	19.9309876733071	0
X187_4	P4	non-engaging	16.7141445716066	0
X188_4	P4	non-engaging	28.3327338326625	0
X189_4	P4	non-engaging	21.18991446362	3
X191_4	P4	non-engaging	15.288349596875	0
X192_4	P4	non-engaging	22.9468425464935	0
X193_4	P4	non-engaging	14.7656710201968	0
X194_4	P4	non-engaging	19.4275530507287	3
X196_4	P4	non-engaging	17.7684111984947	2
X197_4	P4	non-engaging	25.3451412929715	2
X198_4	P4	non-engaging	23.2082890929652	0
X199_4	P4	non-engaging	17.0228626396471	2
X202_4	P4	non-engaging	16.3591692554117	2
X203_4	P4	non-engaging	20.8266779968327	0
X204_4	P4	non-engaging	20.7979056966246	0
X206_4	P4	non-engaging	17.3195134482097	3
X207_4	P4	non-engaging	26.5806191519659	2
X208_4	P4	non-engaging	21.1875904614347	0
X209_4	P4	non-engaging	16.6899528870888	2
X210_4	P4	non-engaging	22.0039939995489	0
X211_4	P4	non-engaging	15.5720077290319	0
X213_4	P4	non-engaging	21.171813933038	0
X214_4	P4	non-engaging	17.2154192100826	0
X216_4	P4	non-engaging	18.3388852980659	0
X217_4	P4	non-engaging	17.6055665461491	0
X218_4	P4	non-engaging	19.3299699109085	2
X219_4	P4	non-engaging	15.8888488032559	0
X221_4	P4	non-engaging	17.1968487335539	0
X222_4	P4	non-engaging	21.3640429708041	2
X223_4	P4	non-engaging	20.5479432718218	0
X224_4	P4	non-engaging	21.6004937255708	2
X225_4	P4	non-engaging	23.8096978581575	2
X226_4	P4	non-engaging	18.3758036687332	0
X227_4	P4	non-engaging	19.5660736176301	2
X229_4	P4	non-engaging	27.4086545812416	1
X231_4	P4	non-engaging	20.8462435995496	0
X232_4	P4	non-engaging	14.6333346993975	3
X233_4	P4	non-engaging	15.4829733786127	0
X235_4	P4	non-engaging	23.8400004605076	0
X236_4	P4	non-engaging	23.9010166931467	2
X237_4	P4	non-engaging	17.3409396441384	0
X238_4	P4	non-engaging	18.9045295812634	2
X239_4	P4	non-engaging	17.2438660229283	3
X240_4	P4	non-engaging	22.6956628006448	3
X241_4	P4	non-engaging	15.2385211087371	0
X242_4	P4	non-engaging	23.7252137058546	2
X243_4	P4	non-engaging	21.8319979852908	0
X244_4	P4	non-engaging	22.9144456836991	2
X246_4	P4	non-engaging	17.4558018121915	0
X247_4	P4	non-engaging	20.4076809970592	3
X248_4	P4	non-engaging	26.8968558748503	0
X249_4	P4	non-engaging	17.4725926979212	0
X251_4	P4	non-engaging	15.3079236795272	2
X252_4	P4	non-engaging	18.0848678357726	0
X253_4	P4	non-engaging	20.1637684592396	2
X254_4	P4	non-engaging	20.8765111301941	3
X255_4	P4	non-engaging	20.9399197210117	3
X256_4	P4	non-engaging	23.6222985894431	2
X258_4	P4	non-engaging	26.1006013804842	2
X259_4	P4	non-engaging	14.7036279449158	0
X260_4	P4	non-engaging	18.0499298528008	0
X261_4	P4	non-engaging	28.8244243023049	2
X263_4	P4	non-engaging	20.5389198409285	2
X264_4	P4	non-engaging	16.8646034816247	4
X265_4	P4	non-engaging	29.6756092098758	2
X266_4	P4	non-engaging	16.5952801274685	0
X267_4	P4	non-engaging	14.1666318500558	0
X268_4	P4	non-engaging	22.6574503002933	3
X269_4	P4	non-engaging	19.98300790295	0
X270_4	P4	non-engaging	13.4520927970271	0
X271_4	P4	non-engaging	19.8491013813996	0
X272_4	P4	non-engaging	24.9493748423593	2
X273_4	P4	non-engaging	16.4989623966853	3
X274_4	P4	non-engaging	14.4065054245418	0
X275_4	P4	non-engaging	19.7464296700786	0
X276_4	P4	non-engaging	17.6430265154849	0
X277_4	P4	non-engaging	15.5154197655245	3
X278_4	P4	non-engaging	22.2804167024225	3
X279_4	P4	non-engaging	13.4205754603836	0
X280_4	P4	non-engaging	19.7908534892722	0
X281_4	P4	non-engaging	20.2976528995201	0
X282_4	P4	non-engaging	25.6487663633822	2
X283_4	P4	non-engaging	16.5701842063458	3
X284_4	P4	non-engaging	22.3238480681732	2
X285_4	P4	non-engaging	14.3187192309183	3
X286_4	P4	non-engaging	29.7500344675292	2
X287_4	P4	non-engaging	18.7035717198364	0
X288_4	P4	non-engaging	10.0737497416821	0
X289_4	P4	non-engaging	23.1430106682928	3
X290_4	P4	non-engaging	7.3248811057143	0
X292_4	P4	non-engaging	13.9280155023984	4
X293_4	P4	non-engaging	15.3266352999903	0
X294_4	P4	non-engaging	20.4071816343772	2
X295_4	P4	non-engaging	21.244403968258	2
X296_4	P4	non-engaging	24.4675040961223	2
X298_4	P4	non-engaging	17.8143087815178	0
X301_4	P4	non-engaging	22.2919320357252	0
X302_4	P4	non-engaging	15.9489235270436	2
X303_4	P4	non-engaging	26.4828475442855	1
X304_4	P4	non-engaging	14.4784009161192	4
X305_4	P4	non-engaging	21.8318601060934	3
X306_4	P4	non-engaging	19.8456619753494	0
X307_4	P4	non-engaging	10.6701049053507	4
X308_4	P4	non-engaging	16.7805912120606	2
X309_4	P4	non-engaging	20.1257364649343	0
X310_4	P4	non-engaging	16.441440167435	0
X311_4	P4	non-engaging	18.750704626255	0
X312_4	P4	non-engaging	26.4676683885514	0
X313_4	P4	non-engaging	15.7803054691133	0
X314_4	P4	non-engaging	19.9237201372686	2
X315_4	P4	non-engaging	20.6055299751525	0
X316_4	P4	non-engaging	20.3833179864237	2
X317_4	P4	non-engaging	21.8477742657375	0
X318_4	P4	non-engaging	16.023703367293	3
X319_4	P4	non-engaging	18.4150033681701	0
X320_4	P4	non-engaging	19.7450693195543	6
X321_4	P4	non-engaging	20.7052034571725	2
X322_4	P4	non-engaging	16.6443392519692	0
X323_4	P4	non-engaging	27.2436358358118	0
X324_4	P4	non-engaging	17.2919601317093	2
X326_4	P4	non-engaging	15.2815104408797	0
X327_4	P4	non-engaging	26.3744295955263	2
X328_4	P4	non-engaging	22.4875247257687	2
X329_4	P4	non-engaging	24.989155855035	2
X330_4	P4	non-engaging	14.5399018248142	3
X332_4	P4	non-engaging	16.3640537982233	0
X333_4	P4	non-engaging	15.8196964059261	2
X334_4	P4	non-engaging	17.8782908089997	3
X335_4	P4	non-engaging	23.5826559411435	3
X336_4	P4	non-engaging	21.9580208965404	3
X337_4	P4	non-engaging	23.6226363401668	0
X338_4	P4	non-engaging	16.9845718678998	3
X341_4	P4	non-engaging	21.5431990471001	2
X342_4	P4	non-engaging	20.6740687753346	0
X343_4	P4	non-engaging	11.8127213125614	3
X345_4	P4	non-engaging	21.1456108235545	4
X346_4	P4	non-engaging	17.5484948904648	3
X347_4	P4	non-engaging	12.7416401532368	0
X349_4	P4	non-engaging	22.5871322213431	2
X350_4	P4	non-engaging	14.2702528751206	3
X351_4	P4	non-engaging	21.3594909035171	0
X353_4	P4	non-engaging	23.9812765702353	2
X354_4	P4	non-engaging	17.7722241155161	0
X355_4	P4	non-engaging	25.8424572327951	0
X356_4	P4	non-engaging	18.9166369681386	0
X361_4	P4	non-engaging	17.1402831906935	3
X362_4	P4	non-engaging	12.8967586923734	0
X363_4	P4	non-engaging	20.9096494430445	3
X364_4	P4	non-engaging	21.6706801303195	0
X365_4	P4	non-engaging	23.5216542022726	2
X366_4	P4	non-engaging	17.9524286174779	3
X367_4	P4	non-engaging	18.5316621363133	3
X368_4	P4	non-engaging	16.5545426823555	0
X369_4	P4	non-engaging	22.4804350523331	2
X370_4	P4	non-engaging	22.5668236056099	0
X371_4	P4	non-engaging	21.1924843338311	0
X372_4	P4	non-engaging	23.5319617736405	3
X373_4	P4	non-engaging	18.4242397096141	3
X374_4	P4	non-engaging	17.2582971146584	2
X375_4	P4	non-engaging	17.23958554038	0
X376_4	P4	non-engaging	22.2416688372053	0
X377_4	P4	non-engaging	20.0160888884089	0
X378_4	P4	non-engaging	29.6544120076203	2
X379_4	P4	non-engaging	22.2645833672765	2
X380_4	P4	non-engaging	20.0109852157305	0
X001_5	P5	non-engaging	15.9999446491061	0
X002_5	P5	non-engaging	13.0064197553696	3
X003_5	P5	non-engaging	11.6748824295994	3
X004_5	P5	non-engaging	15.0003570621627	0
X005_5	P5	non-engaging	11.7502005314082	0
X006_5	P5	non-engaging	18.3347007195008	2
X008_5	P5	non-engaging	8.16026181320127	3
X009_5	P5	non-engaging	21.6350157932056	0
X010_5	P5	non-engaging	19.1330083125456	6
X011_5	P5	non-engaging	14.6009383303266	0
X012_5	P5	non-engaging	12.8891368709938	0
X013_5	P5	non-engaging	11.80744090781	0
X017_5	P5	non-engaging	22.3651698915857	2
X019_5	P5	non-engaging	14.7054217850943	0
X021_5	P5	non-engaging	15.8108531516618	0
X022_5	P5	non-engaging	19.1707814182879	2
X025_5	P5	non-engaging	11.9377792855296	2
X027_5	P5	non-engaging	17.7197515505306	3
X028_5	P5	non-engaging	17.3429004023994	6
X029_5	P5	non-engaging	15.9806233744187	3
X031_5	P5	non-engaging	16.3496786073553	2
X032_5	P5	non-engaging	17.0704886957548	0
X034_5	P5	non-engaging	19.0474168972444	0
X037_5	P5	non-engaging	16.2773782643619	3
X038_5	P5	non-engaging	19.9962765848426	3
X039_5	P5	non-engaging	18.1569788295762	2
X040_5	P5	non-engaging	24.1666638723933	0
X041_5	P5	non-engaging	16.2636844180718	3
X042_5	P5	non-engaging	16.0571494765102	0
X043_5	P5	non-engaging	16.4250928292874	0
X044_5	P5	non-engaging	17.2365276150882	2
X046_5	P5	non-engaging	17.3393374841834	0
X047_5	P5	non-engaging	18.6101911751267	0
X049_5	P5	non-engaging	16.9308884478596	3
X050_5	P5	non-engaging	9.77040195371467	2
X051_5	P5	non-engaging	22.1795230214951	0
X052_5	P5	non-engaging	14.6471689197327	0
X053_5	P5	non-engaging	13.6832523209607	0
X056_5	P5	non-engaging	15.190592933559	0
X057_5	P5	non-engaging	11.6773564812235	3
X058_5	P5	non-engaging	17.7911378913027	0
X059_5	P5	non-engaging	18.8223830424051	0
X060_5	P5	non-engaging	19.2141590627555	0
X061_5	P5	non-engaging	20.7403901998322	4
X062_5	P5	non-engaging	23.9082983347247	6
X064_5	P5	non-engaging	14.8513973721699	0
X067_5	P5	non-engaging	8.330693139015	3
X069_5	P5	non-engaging	17.4102563000098	0
X070_5	P5	non-engaging	24.9824711181353	0
X071_5	P5	non-engaging	17.8429609494883	2
X072_5	P5	non-engaging	16.8829695932719	0
X073_5	P5	non-engaging	17.2810196880218	2
X074_5	P5	non-engaging	17.8989085533684	0
X075_5	P5	non-engaging	10.9792588451823	2
X077_5	P5	non-engaging	19.4981481187244	2
X078_5	P5	non-engaging	17.8500702226557	0
X079_5	P5	non-engaging	17.1897304612224	3
X080_5	P5	non-engaging	19.3499425312674	2
X081_5	P5	non-engaging	11.8169868889953	0
X082_5	P5	non-engaging	19.8002405374089	3
X083_5	P5	non-engaging	19.3186021767173	3
X086_5	P5	non-engaging	12.1125260200947	0
X087_5	P5	non-engaging	10.86787558152	0
X090_5	P5	non-engaging	17.1258748383153	3
X091_5	P5	non-engaging	14.864405221548	3
X092_5	P5	non-engaging	18.316780700079	0
X093_5	P5	non-engaging	16.4400675179953	3
X095_5	P5	non-engaging	16.8227153859337	2
X096_5	P5	non-engaging	10.6221790884217	0
X097_5	P5	non-engaging	23.007680165888	0
X098_5	P5	non-engaging	13.562326296594	0
X099_5	P5	non-engaging	12.685528491077	2
X100_5	P5	non-engaging	14.2980754802183	0
X101_5	P5	non-engaging	15.3928509127575	3
X103_5	P5	non-engaging	18.5856520230008	3
X104_5	P5	non-engaging	17.3903959665618	3
X105_5	P5	non-engaging	18.8617744465748	2
X106_5	P5	non-engaging	16.0023743290759	2
X110_5	P5	non-engaging	22.4431922008625	3
X111_5	P5	non-engaging	19.9893278908173	3
X113_5	P5	non-engaging	17.6114111670642	0
X114_5	P5	non-engaging	19.3445775566871	0
X117_5	P5	non-engaging	15.3611497218011	0
X118_5	P5	non-engaging	16.3637940293648	0
X119_5	P5	non-engaging	20.3587957383213	0
X120_5	P5	non-engaging	15.2457640195156	0
X121_5	P5	non-engaging	12.6432181592532	3
X122_5	P5	non-engaging	25.4982131084972	2
X123_5	P5	non-engaging	16.1177108522603	2
X124_5	P5	non-engaging	14.5934372996627	2
X125_5	P5	non-engaging	16.2376060317008	0
X126_5	P5	non-engaging	12.4337001690937	3
X127_5	P5	non-engaging	16.37438723469	0
X128_5	P5	non-engaging	23.1186553722558	2
X129_5	P5	non-engaging	18.9098232095796	0
X130_5	P5	non-engaging	14.4112469933369	0
X132_5	P5	non-engaging	12.4287969798805	0
X133_5	P5	non-engaging	23.4537916569429	2
X134_5	P5	non-engaging	14.8874565560821	3
X135_5	P5	non-engaging	13.9507676458134	2
X136_5	P5	non-engaging	24.2769706601356	0
X137_5	P5	non-engaging	19.5775266241015	3
X138_5	P5	non-engaging	21.8132005259648	3
X140_5	P5	non-engaging	20.7094929007672	6
X141_5	P5	non-engaging	16.9312266369903	2
X142_5	P5	non-engaging	17.609688982337	0
X143_5	P5	non-engaging	15.2816055903882	0
X144_5	P5	non-engaging	20.023054800395	0
X145_5	P5	non-engaging	8.20416686269328	0
X146_5	P5	non-engaging	10.3270831376886	3
X148_5	P5	non-engaging	27.7057073823911	2
X149_5	P5	non-engaging	8.50962667886602	0
X150_5	P5	non-engaging	17.690016870223	2
X151_5	P5	non-engaging	19.1529735462747	0
X152_5	P5	non-engaging	25.1420928425446	3
X153_5	P5	non-engaging	23.8879838177314	2
X154_5	P5	non-engaging	16.7844614784981	0
X155_5	P5	non-engaging	16.7866160816351	0
X156_5	P5	non-engaging	20.7671511574625	2
X157_5	P5	non-engaging	17.3022288710164	2
X159_5	P5	non-engaging	19.3719864299791	3
X162_5	P5	non-engaging	17.4444339400815	0
X163_5	P5	non-engaging	15.5560044496628	4
X164_5	P5	non-engaging	17.3003722649521	0
X169_5	P5	non-engaging	23.2397266741809	0
X170_5	P5	non-engaging	26.1727005232004	0
X171_5	P5	non-engaging	15.5889770504484	6
X173_5	P5	non-engaging	18.7459127722722	0
X175_5	P5	non-engaging	16.1291655506388	3
X176_5	P5	non-engaging	22.664638013862	2
X177_5	P5	non-engaging	15.8004511656133	0
X178_5	P5	non-engaging	15.902810084161	3
X179_5	P5	non-engaging	22.352797223063	2
X180_5	P5	non-engaging	15.4402635404513	5
X182_5	P5	non-engaging	12.0242611762971	2
X183_5	P5	non-engaging	16.074455613785	2
X185_5	P5	non-engaging	15.1461121178377	0
X186_5	P5	non-engaging	17.7001539663301	0
X187_5	P5	non-engaging	24.4687039015619	4
X188_5	P5	non-engaging	17.2495132172214	0
X189_5	P5	non-engaging	12.1308483180515	0
X190_5	P5	non-engaging	20.1881558910047	3
X191_5	P5	non-engaging	9.71135979220183	0
X192_5	P5	non-engaging	24.9568424726669	3
X193_5	P5	non-engaging	19.4472544878984	3
X194_5	P5	non-engaging	18.8745559137435	0
X195_5	P5	non-engaging	16.4273483775252	2
X196_5	P5	non-engaging	19.8078959896659	2
X197_5	P5	non-engaging	18.0722427085846	3
X198_5	P5	non-engaging	19.2465584255203	0
X199_5	P5	non-engaging	20.5790245246048	0
X200_5	P5	non-engaging	25.7888195437475	0
X201_5	P5	non-engaging	22.6160349533446	2
X203_5	P5	non-engaging	18.7768291348236	0
X204_5	P5	non-engaging	13.616034669959	3
X205_5	P5	non-engaging	18.0904837631657	0
X207_5	P5	non-engaging	9.62110323635818	0
X208_5	P5	non-engaging	15.7439721125516	3
X209_5	P5	non-engaging	11.597531618652	0
X210_5	P5	non-engaging	8.91189653692535	0
X211_5	P5	non-engaging	20.9880395651436	2
X212_5	P5	non-engaging	12.1228105246006	2
X213_5	P5	non-engaging	17.4352173375972	0
X214_5	P5	non-engaging	24.5736931969485	2
X215_5	P5	non-engaging	18.9948333855603	0
X216_5	P5	non-engaging	19.4044421295435	0
X217_5	P5	non-engaging	22.002703353269	0
X218_5	P5	non-engaging	6.00662264686617	0
X220_5	P5	non-engaging	13.9280992707833	2
X221_5	P5	non-engaging	15.6234285367612	3
X222_5	P5	non-engaging	20.8625817379658	2
X223_5	P5	non-engaging	16.1004990338826	2
X224_5	P5	non-engaging	19.0021400424627	2
X225_5	P5	non-engaging	13.5095555392839	0
X226_5	P5	non-engaging	22.1541410630395	0
X227_5	P5	non-engaging	18.7408685227834	2
X228_5	P5	non-engaging	22.5927936163324	2
X229_5	P5	non-engaging	20.5146273270747	2
X230_5	P5	non-engaging	18.5497894588803	2
X232_5	P5	non-engaging	26.9114476766875	2
X233_5	P5	non-engaging	20.6578728158289	2
X234_5	P5	non-engaging	20.7635597682991	2
X235_5	P5	non-engaging	20.1762893344015	2
X236_5	P5	non-engaging	16.3660426554995	0
X237_5	P5	non-engaging	26.0729079873794	2
X238_5	P5	non-engaging	16.1113400869144	2
X239_5	P5	non-engaging	20.6746178715536	4
X240_5	P5	non-engaging	17.8355472427691	0
X241_5	P5	non-engaging	13.9698101273521	0
X242_5	P5	non-engaging	10.5417657344274	3
X243_5	P5	non-engaging	18.0417121625802	2
X244_5	P5	non-engaging	17.8031738618023	2
X245_5	P5	non-engaging	13.8910017691641	3
X246_5	P5	non-engaging	12.6228585616155	4
X247_5	P5	non-engaging	18.8388867223138	2
X248_5	P5	non-engaging	12.3017955140199	2
X249_5	P5	non-engaging	17.648451275475	0
X250_5	P5	non-engaging	17.1176585468944	3
X252_5	P5	non-engaging	21.0363540205569	2
X253_5	P5	non-engaging	19.3625571619936	0
X254_5	P5	non-engaging	23.1962324748984	0
X256_5	P5	non-engaging	18.7193584925252	0
X257_5	P5	non-engaging	28.1136234527895	2
X258_5	P5	non-engaging	15.0301865361932	0
X260_5	P5	non-engaging	9.87190714494947	0
X262_5	P5	non-engaging	15.7982940719687	0
X263_5	P5	non-engaging	15.1417033909243	3
X264_5	P5	non-engaging	18.6045663524511	0
X265_5	P5	non-engaging	18.1995337194409	0
X267_5	P5	non-engaging	24.0377851472214	0
X268_5	P5	non-engaging	10.4877992098536	0
X269_5	P5	non-engaging	5.06739835804969	2
X270_5	P5	non-engaging	28.2096209905307	2
X271_5	P5	non-engaging	17.2795780273285	2
X272_5	P5	non-engaging	11.8460892281845	3
X273_5	P5	non-engaging	10.1412061692838	0
X275_5	P5	non-engaging	21.7124902360796	2
X276_5	P5	non-engaging	24.0829134916483	2
X277_5	P5	non-engaging	17.9172808680374	3
X278_5	P5	non-engaging	21.0753592266511	0
X279_5	P5	non-engaging	22.6377381244835	0
X280_5	P5	non-engaging	15.6216026854512	3
X281_5	P5	non-engaging	24.4467418001031	0
X283_5	P5	non-engaging	14.455579180919	3
X285_5	P5	non-engaging	28.1007319974199	2
X286_5	P5	non-engaging	18.9127823702076	0
X287_5	P5	non-engaging	16.7632012309628	3
X288_5	P5	non-engaging	14.3651856385745	3
X290_5	P5	non-engaging	27.4565953067175	2
X291_5	P5	non-engaging	25.1918140110315	2
X293_5	P5	non-engaging	14.9664514159427	2
X294_5	P5	non-engaging	17.132529791358	2
X297_5	P5	non-engaging	16.3318521236223	0
X298_5	P5	non-engaging	18.8662160386346	2
X299_5	P5	non-engaging	15.3187852830435	0
X300_5	P5	non-engaging	18.7443150077944	2
X301_5	P5	non-engaging	17.0922905928973	0
X302_5	P5	non-engaging	14.7752116992368	3
X303_5	P5	non-engaging	29.2909374166654	0
X304_5	P5	non-engaging	21.3947136950693	2
X305_5	P5	non-engaging	21.6297112498081	2
X306_5	P5	non-engaging	23.4003998396778	2
X308_5	P5	non-engaging	14.7841288552796	2
X309_5	P5	non-engaging	20.146494419446	2
X310_5	P5	non-engaging	13.3942258378032	2
X311_5	P5	non-engaging	15.1984558771263	3
X313_5	P5	non-engaging	16.0111200664279	3
X314_5	P5	non-engaging	17.6084611801948	0
X315_5	P5	non-engaging	16.75258622414	2
X316_5	P5	non-engaging	21.4731847125147	2
X317_5	P5	non-engaging	19.6010882996515	0
X318_5	P5	non-engaging	12.59980396991	3
X319_5	P5	non-engaging	10.5251027497025	0
X320_5	P5	non-engaging	16.911983348201	0
X324_5	P5	non-engaging	19.7395678224374	3
X325_5	P5	non-engaging	26.7226880465043	0
X326_5	P5	non-engaging	23.8822825445861	0
X327_5	P5	non-engaging	12.572454013257	3
X328_5	P5	non-engaging	24.3030438104941	2
X329_5	P5	non-engaging	25.3838711889024	0
X330_5	P5	non-engaging	12.7353122783382	3
X331_5	P5	non-engaging	21.3621154679504	0
X332_5	P5	non-engaging	12.9983271378647	2
X333_5	P5	non-engaging	17.0288881956596	3
X334_5	P5	non-engaging	20.4925135799576	2
X335_5	P5	non-engaging	14.3349103869912	2
X336_5	P5	non-engaging	18.7298600807675	0
X337_5	P5	non-engaging	16.7777891191181	3
X338_5	P5	non-engaging	19.6079824672945	0
X341_5	P5	non-engaging	20.4401615930396	3
X342_5	P5	non-engaging	21.2793760976834	0
X343_5	P5	non-engaging	14.710423041586	3
X345_5	P5	non-engaging	28.1997137561296	0
X346_5	P5	non-engaging	19.7395519992931	2
X347_5	P5	non-engaging	18.1277577095053	0
X348_5	P5	non-engaging	10.9971626502316	2
X349_5	P5	non-engaging	10.5853800956169	3
X350_5	P5	non-engaging	18.1311723187582	3
X351_5	P5	non-engaging	17.231960032966	3
X352_5	P5	non-engaging	18.3863506206629	0
X353_5	P5	non-engaging	23.8164987055998	0
X354_5	P5	non-engaging	23.9590443213007	0
X355_5	P5	non-engaging	12.3100237221881	6
X356_5	P5	non-engaging	26.1334600130998	2
X361_5	P5	non-engaging	27.1358820288583	0
X362_5	P5	non-engaging	17.046535241078	2
X363_5	P5	non-engaging	16.7445158656646	0
X364_5	P5	non-engaging	9.46216327592935	0
X365_5	P5	non-engaging	9.97218021405423	3
X367_5	P5	non-engaging	16.3109530832028	0
X368_5	P5	non-engaging	14.9455523451636	0
X369_5	P5	non-engaging	12.8415165909364	2
X372_5	P5	non-engaging	7.31187652553086	0
X373_5	P5	non-engaging	14.8615748986269	2
X374_5	P5	non-engaging	13.3085299405107	2
X375_5	P5	non-engaging	22.8674596590124	2
X376_5	P5	non-engaging	8.84981810116477	0
X377_5	P5	non-engaging	13.7290549113513	0
X378_5	P5	non-engaging	18.0464895840065	2
X379_5	P5	non-engaging	8.32430861002985	3
X380_5	P5	non-engaging	21.6099249855741	3
X001_6	P7	not_exposed	16.2618684908932	1
X002_6	P7	not_exposed	8.50091438634515	1
X003_6	P7	not_exposed	11.8098533787952	3
X004_6	P7	not_exposed	18.9153052944007	1
X005_6	P7	not_exposed	12.978899786911	1
X006_6	P7	not_exposed	19.8406568746055	1
X008_6	P7	not_exposed	28.8391772039288	1
X011_6	P7	not_exposed	15.3840330003625	1
X012_6	P7	not_exposed	14.9255327447077	3
X013_6	P7	not_exposed	21.7106521961617	1
X014_6	P7	not_exposed	15.0804180014022	3
X015_6	P7	not_exposed	14.2743280071414	1
X016_6	P7	not_exposed	29.1750017932144	1
X017_6	P7	not_exposed	12.9845406103566	5
X018_6	P7	not_exposed	11.7854998089206	1
X019_6	P7	not_exposed	9.47707821876703	5
X020_6	P7	not_exposed	13.5464557053208	1
X022_6	P7	not_exposed	19.8809760301281	1
X023_6	P7	not_exposed	19.2628828245007	1
X024_6	P7	not_exposed	22.1635684099958	1
X025_6	P7	not_exposed	19.3585415165092	0
X026_6	P7	not_exposed	14.9174666857716	5
X027_6	P7	not_exposed	20.4358227132356	3
X029_6	P7	not_exposed	16.8979788968117	1
X030_6	P7	not_exposed	13.2860433536902	1
X031_6	P7	not_exposed	16.4247297614254	1
X032_6	P7	not_exposed	5.62260706549	1
X033_6	P7	not_exposed	21.238892380984	3
X034_6	P7	not_exposed	22.5614591593973	1
X035_6	P7	not_exposed	27.7771423321189	1
X037_6	P7	not_exposed	16.2286578220445	3
X038_6	P7	not_exposed	15.0467167157996	1
X039_6	P7	not_exposed	17.5945100855066	1
X041_6	P7	not_exposed	18.8998980994811	1
X044_6	P7	not_exposed	9.62587859655711	1
X046_6	P7	not_exposed	20.9550960994522	1
X047_6	P7	not_exposed	17.2226277420787	1
X048_6	P7	not_exposed	12.0517360963116	1
X049_6	P7	not_exposed	19.9182888090205	1
X050_6	P7	not_exposed	11.8411278426878	1
X051_6	P7	not_exposed	9.57719769413713	1
X052_6	P7	not_exposed	12.8233603344656	1
X054_6	P7	not_exposed	13.1434895677724	1
X056_6	P7	not_exposed	9.43266153142694	5
X057_6	P7	not_exposed	22.0775576812678	1
X058_6	P7	not_exposed	15.6045175640086	1
X059_6	P7	not_exposed	7.3858346513656	3
X060_6	P7	not_exposed	23.6237862452286	1
X061_6	P7	not_exposed	16.3401104275852	1
X062_6	P7	not_exposed	12.3310291521374	1
X064_6	P7	not_exposed	20.9460205442549	1
X066_6	P7	not_exposed	16.3014864856588	3
X067_6	P7	not_exposed	23.7627448268005	1
X068_6	P7	not_exposed	18.7202258772383	5
X069_6	P7	not_exposed	13.8055236406572	1
X070_6	P7	not_exposed	10.4542986138363	1
X071_6	P7	not_exposed	14.3802959239201	1
X072_6	P7	not_exposed	17.3761546489263	1
X073_6	P7	not_exposed	10.8723799641754	1
X074_6	P7	not_exposed	18.336742571385	1
X075_6	P7	not_exposed	9.36346323454802	1
X076_6	P7	not_exposed	17.8703375921217	1
X077_6	P7	not_exposed	22.5354378626413	1
X079_6	P7	not_exposed	15.6637257515227	3
X080_6	P7	not_exposed	14.9953715207547	1
X081_6	P7	not_exposed	20.0927069242065	1
X082_6	P7	not_exposed	17.1179283984711	1
X083_6	P7	not_exposed	23.7676322688301	1
X084_6	P7	not_exposed	19.8921981526036	1
X086_6	P7	not_exposed	18.2496806451048	1
X088_6	P7	not_exposed	22.4510345249459	1
X089_6	P7	not_exposed	15.7874425469729	1
X090_6	P7	not_exposed	22.8514025099114	1
X091_6	P7	not_exposed	17.571171184435	5
X092_6	P7	not_exposed	14.6191745770249	1
X093_6	P7	not_exposed	16.4488370222727	1
X095_6	P7	not_exposed	26.7109891124598	1
X096_6	P7	not_exposed	20.0472518065218	1
X098_6	P7	not_exposed	17.5257411608153	1
X099_6	P7	not_exposed	11.8133885208565	1
X102_6	P7	not_exposed	16.7780864635649	1
X103_6	P7	not_exposed	8.23157349779973	5
X105_6	P7	not_exposed	16.5478801344608	1
X106_6	P7	not_exposed	14.2417324559853	1
X108_6	P7	not_exposed	16.8523841457861	1
X111_6	P7	not_exposed	14.5439019677506	1
X112_6	P7	not_exposed	23.1673631442028	1
X113_6	P7	not_exposed	19.6784838513514	1
X114_6	P7	not_exposed	20.319065912595	1
X115_6	P7	not_exposed	12.7171956991849	1
X116_6	P7	not_exposed	17.7660650694009	1
X118_6	P7	not_exposed	14.4132231910288	3
X119_6	P7	not_exposed	17.9136391945194	1
X120_6	P7	not_exposed	15.142827190923	1
X121_6	P7	not_exposed	13.1238214519362	1
X122_6	P7	not_exposed	12.2621474785806	3
X123_6	P7	not_exposed	21.7826806035156	1
X124_6	P7	not_exposed	17.9151085011941	1
X125_6	P7	not_exposed	17.3907363122512	1
X126_6	P7	not_exposed	13.7267934790881	1
X127_6	P7	not_exposed	8.05961826172709	1
X128_6	P7	not_exposed	20.4177420487653	1
X129_6	P7	not_exposed	23.2774035413218	1
X130_6	P7	not_exposed	24.4874538462737	1
X132_6	P7	not_exposed	17.878782753351	3
X133_6	P7	not_exposed	27.9374643758652	1
X134_6	P7	not_exposed	14.468489228728	1
X135_6	P7	not_exposed	16.350654588365	1
X137_6	P7	not_exposed	16.195834295424	1
X139_6	P7	not_exposed	27.6651915648702	1
X141_6	P7	not_exposed	18.1692910883675	1
X142_6	P7	not_exposed	21.4953100786793	1
X144_6	P7	not_exposed	18.7631483323133	1
X145_6	P7	not_exposed	15.0463595594237	1
X146_6	P7	not_exposed	19.2641903185291	3
X147_6	P7	not_exposed	16.7810118891816	1
X148_6	P7	not_exposed	13.3089814983059	1
X149_6	P7	not_exposed	15.2897876315757	5
X150_6	P7	not_exposed	10.2973254321206	1
X151_6	P7	not_exposed	15.8776522980916	1
X154_6	P7	not_exposed	18.2250070973759	1
X155_6	P7	not_exposed	25.42401163836	1
X156_6	P7	not_exposed	16.053708264033	3
X158_6	P7	not_exposed	19.0641545682586	1
X159_6	P7	not_exposed	15.6481969861861	1
X160_6	P7	not_exposed	20.9203689024773	1
X161_6	P7	not_exposed	17.1104175792851	1
X162_6	P7	not_exposed	18.8607034541029	3
X163_6	P7	not_exposed	13.2276084261308	1
X164_6	P7	not_exposed	21.8298040049242	1
X167_6	P7	not_exposed	7.14426766428715	3
X168_6	P7	not_exposed	24.8469015878638	1
X169_6	P7	not_exposed	18.1234871832558	1
X170_6	P7	not_exposed	14.2130903831086	1
X171_6	P7	not_exposed	16.2685064844614	1
X172_6	P7	not_exposed	13.2530753311693	1
X173_6	P7	not_exposed	18.1250499014577	1
X175_6	P7	not_exposed	18.1556932982319	1
X176_6	P7	not_exposed	25.5120928530853	1
X177_6	P7	not_exposed	18.8339575130971	1
X178_6	P7	not_exposed	13.9944461030314	5
X179_6	P7	not_exposed	26.6516381723755	5
X180_6	P7	not_exposed	17.0904703070547	5
X181_6	P7	not_exposed	12.1381338647812	3
X182_6	P7	not_exposed	24.4308454647917	1
X183_6	P7	not_exposed	19.4959196937964	1
X184_6	P7	not_exposed	17.6322991720695	1
X185_6	P7	not_exposed	25.287720021807	1
X186_6	P7	not_exposed	17.6720062834231	1
X187_6	P7	not_exposed	7.29202933625449	1
X188_6	P7	not_exposed	25.1570069399978	1
X189_6	P7	not_exposed	11.6628865118092	1
X190_6	P7	not_exposed	15.2311230803718	1
X191_6	P7	not_exposed	20.1494876099961	1
X192_6	P7	not_exposed	19.4003988892806	1
X193_6	P7	not_exposed	12.9965485114132	1
X194_6	P7	not_exposed	17.2929373487643	5
X195_6	P7	not_exposed	16.7270241911418	1
X197_6	P7	not_exposed	6.08489811199979	1
X198_6	P7	not_exposed	14.350655833104	1
X199_6	P7	not_exposed	25.2671798587696	1
X200_6	P7	not_exposed	18.8991208654333	1
X201_6	P7	not_exposed	17.757306163512	1
X202_6	P7	not_exposed	15.8325848249112	1
X203_6	P7	not_exposed	21.3765997418962	1
X204_6	P7	not_exposed	18.3865910257173	1
X205_6	P7	not_exposed	12.1721637110544	3
X206_6	P7	not_exposed	11.7773394667692	3
X207_6	P7	not_exposed	22.4093299521758	1
X208_6	P7	not_exposed	19.0373984296689	1
X209_6	P7	not_exposed	15.8752688655279	1
X210_6	P7	not_exposed	17.5100344468786	1
X211_6	P7	not_exposed	20.8855596549853	1
X212_6	P7	not_exposed	17.9981509760542	1
X213_6	P7	not_exposed	18.0611833871207	1
X215_6	P7	not_exposed	25.7271280696861	1
X216_6	P7	not_exposed	25.0896471289393	1
X217_6	P7	not_exposed	21.7379514916711	1
X218_6	P7	not_exposed	6.26106384807079	1
X219_6	P7	not_exposed	12.8478965532916	1
X220_6	P7	not_exposed	6.56664219690232	1
X221_6	P7	not_exposed	23.2147387309346	1
X223_6	P7	not_exposed	16.8354488322123	1
X224_6	P7	not_exposed	23.0924571137055	1
X225_6	P7	not_exposed	24.8268321682557	1
X226_6	P7	not_exposed	24.9979514163123	1
X227_6	P7	not_exposed	21.7715707168652	1
X228_6	P7	not_exposed	16.6542453971701	1
X229_6	P7	not_exposed	19.315732144729	1
X230_6	P7	not_exposed	24.7297960121941	1
X231_6	P7	not_exposed	17.0614638880537	1
X232_6	P7	not_exposed	15.6186955158008	1
X234_6	P7	not_exposed	19.6392554938731	1
X235_6	P7	not_exposed	10.894739671482	1
X236_6	P7	not_exposed	19.1710776215681	1
X237_6	P7	not_exposed	15.8583870592007	3
X238_6	P7	not_exposed	14.5731498236735	1
X239_6	P7	not_exposed	11.5325371655347	1
X240_6	P7	not_exposed	18.0137203506146	1
X241_6	P7	not_exposed	22.3214824443299	1
X242_6	P7	not_exposed	16.7542909422442	1
X243_6	P7	not_exposed	16.2809568632542	1
X244_6	P7	not_exposed	8.36125450755177	1
X245_6	P7	not_exposed	16.9600949892744	1
X246_6	P7	not_exposed	15.7506094947692	1
X248_6	P7	not_exposed	17.6029536577073	1
X249_6	P7	not_exposed	22.6453634596299	1
X250_6	P7	not_exposed	14.0323382070081	1
X251_6	P7	not_exposed	16.5700212290896	1
X252_6	P7	not_exposed	16.3899902707614	1
X253_6	P7	not_exposed	16.1833628338828	1
X254_6	P7	not_exposed	8.63481710280812	1
X255_6	P7	not_exposed	18.4833317926301	1
X256_6	P7	not_exposed	17.4620736942987	1
X257_6	P7	not_exposed	16.3200502646142	1
X258_6	P7	not_exposed	18.4765759289933	1
X260_6	P7	not_exposed	12.9762908241611	1
X261_6	P7	not_exposed	25.4275311727828	1
X262_6	P7	not_exposed	18.6938827731615	5
X265_6	P7	not_exposed	21.8355334375751	1
X266_6	P7	not_exposed	20.3601539396719	1
X267_6	P7	not_exposed	21.0227099171489	1
X268_6	P7	not_exposed	21.2145347334297	1
X269_6	P7	not_exposed	11.3415706559234	3
X270_6	P7	not_exposed	8.21730154062211	1
X271_6	P7	not_exposed	18.5616939287101	5
X272_6	P7	not_exposed	15.4422981016142	1
X273_6	P7	not_exposed	18.475466823337	1
X274_6	P7	not_exposed	17.0234215647199	1
X275_6	P7	not_exposed	18.5810531023288	1
X276_6	P7	not_exposed	16.5354617098685	3
X277_6	P7	not_exposed	18.6879870380372	1
X278_6	P7	not_exposed	19.4302634137773	1
X280_6	P7	not_exposed	14.9928960288097	1
X281_6	P7	not_exposed	24.9748165738934	5
X282_6	P7	not_exposed	23.0101245865468	1
X283_6	P7	not_exposed	14.117491359119	1
X284_6	P7	not_exposed	28.3483474057566	1
X286_6	P7	not_exposed	20.238705039119	1
X287_6	P7	not_exposed	10.9549011712017	3
X288_6	P7	not_exposed	18.4153702564018	1
X289_6	P7	not_exposed	26.2279801145574	1
X290_6	P7	not_exposed	18.6940630710838	3
X291_6	P7	not_exposed	24.5489595837442	1
X293_6	P7	not_exposed	16.8746011755613	1
X294_6	P7	not_exposed	16.7983566727492	3
X295_6	P7	not_exposed	13.4423394046636	1
X296_6	P7	not_exposed	19.7255960828969	1
X297_6	P7	not_exposed	18.6324773051974	1
X298_6	P7	not_exposed	15.1752762983411	1
X299_6	P7	not_exposed	19.5616816375971	1
X301_6	P7	not_exposed	16.2908190148175	3
X303_6	P7	not_exposed	18.6598345643396	1
X304_6	P7	not_exposed	18.7838921178458	0
X305_6	P7	not_exposed	15.639209446929	3
X306_6	P7	not_exposed	20.4265980761699	1
X307_6	P7	not_exposed	21.6778204991623	1
X309_6	P7	not_exposed	23.0860322904196	1
X310_6	P7	not_exposed	14.6117415084405	1
X311_6	P7	not_exposed	13.1762285341789	1
X313_6	P7	not_exposed	8.90171594612635	1
X315_6	P7	not_exposed	14.5294228456333	1
X316_6	P7	not_exposed	15.7097048104149	1
X317_6	P7	not_exposed	12.5082671510234	1
X318_6	P7	not_exposed	20.6008849283702	1
X319_6	P7	not_exposed	19.6450747869614	1
X320_6	P7	not_exposed	15.3209026006014	3
X321_6	P7	not_exposed	18.6908726067601	1
X322_6	P7	not_exposed	16.8090340069911	3
X323_6	P7	not_exposed	12.590257429887	1
X324_6	P7	not_exposed	23.3245393377916	1
X325_6	P7	not_exposed	10.1735035354552	3
X326_6	P7	not_exposed	10.8629207798362	1
X328_6	P7	not_exposed	17.6014296782927	1
X330_6	P7	not_exposed	15.2970993833299	3
X331_6	P7	not_exposed	21.0723700282847	1
X332_6	P7	not_exposed	20.1948377779681	1
X333_6	P7	not_exposed	15.0042912933298	1
X334_6	P7	not_exposed	20.6616352440684	1
X335_6	P7	not_exposed	20.2730126669112	1
X336_6	P7	not_exposed	22.2766332908235	1
X337_6	P7	not_exposed	21.393580303223	3
X338_6	P7	not_exposed	20.3820304028479	1
X339_6	P7	not_exposed	17.7068318846887	1
X340_6	P7	not_exposed	8.62151912743567	3
X342_6	P7	not_exposed	26.652135663546	1
X343_6	P7	not_exposed	19.7095260006262	1
X344_6	P7	not_exposed	24.0547001444427	1
X345_6	P7	not_exposed	18.9665028355387	1
X346_6	P7	not_exposed	20.0902218795264	1
X347_6	P7	not_exposed	15.0812536561666	1
X348_6	P7	not_exposed	15.6581793403963	1
X349_6	P7	not_exposed	21.8944985715948	1
X350_6	P7	not_exposed	5.63855341326694	1
X351_6	P7	not_exposed	16.3246477184511	1
X353_6	P7	not_exposed	20.3632744212366	1
X354_6	P7	not_exposed	14.510974857826	5
X356_6	P7	not_exposed	17.8008048154503	1
X362_6	P7	not_exposed	10.0416236162361	1
X363_6	P7	not_exposed	16.5173761975774	1
X364_6	P7	not_exposed	19.6263292904639	1
X365_6	P7	not_exposed	9.09195431666623	1
X366_6	P7	not_exposed	16.3146895628254	1
X368_6	P7	not_exposed	14.2143895642341	1
X370_6	P7	not_exposed	25.3516288795254	5
X372_6	P7	not_exposed	21.7468830118259	1
X373_6	P7	not_exposed	8.34107365209644	1
X376_6	P7	not_exposed	20.9161599029407	1
X377_6	P7	not_exposed	22.4852693857303	1
X378_6	P7	not_exposed	7.80238712199414	6
X379_6	P7	not_exposed	16.2345017737346	1
X380_6	P7	not_exposed	16.3598542294447	3
X001_7	P8	not_exposed	17.7463864115878	1
X002_7	P8	not_exposed	16.9395500409882	1
X003_7	P8	not_exposed	20.4871589162647	5
X004_7	P8	not_exposed	14.3400490523131	1
X006_7	P8	not_exposed	21.6680240776626	5
X007_7	P8	not_exposed	23.1701401405411	1
X008_7	P8	not_exposed	22.6803304133195	1
X009_7	P8	not_exposed	19.8409839701911	1
X010_7	P8	not_exposed	27.0079003775095	1
X011_7	P8	not_exposed	21.472676103667	3
X012_7	P8	not_exposed	19.8121440603192	1
X015_7	P8	not_exposed	18.5022726417421	1
X016_7	P8	not_exposed	11.6156977922114	1
X019_7	P8	not_exposed	12.4765734391268	1
X020_7	P8	not_exposed	19.3880044833601	1
X022_7	P8	not_exposed	13.761303246676	1
X023_7	P8	not_exposed	17.0660109892867	1
X025_7	P8	not_exposed	19.232274334744	1
X026_7	P8	not_exposed	23.4650997435508	1
X027_7	P8	not_exposed	18.696937378759	3
X028_7	P8	not_exposed	11.1772242529299	3
X029_7	P8	not_exposed	19.5099669552432	1
X030_7	P8	not_exposed	10.5464757286634	1
X031_7	P8	not_exposed	11.7084453085935	1
X032_7	P8	not_exposed	19.5527551146784	1
X033_7	P8	not_exposed	16.3848083018489	1
X034_7	P8	not_exposed	20.658557778482	1
X035_7	P8	not_exposed	19.0522093292436	1
X037_7	P8	not_exposed	23.3255181695577	1
X038_7	P8	not_exposed	19.7858237109526	1
X039_7	P8	not_exposed	16.8572438224207	0
X042_7	P8	not_exposed	14.216504613441	1
X043_7	P8	not_exposed	13.6938435564034	1
X044_7	P8	not_exposed	14.2488543504113	3
X045_7	P8	not_exposed	13.5209315129548	3
X046_7	P8	not_exposed	10.7950971469134	3
X047_7	P8	not_exposed	21.7497740432646	1
X049_7	P8	not_exposed	15.4364267432963	1
X050_7	P8	not_exposed	10.4478497799813	5
X052_7	P8	not_exposed	13.0298406861845	1
X053_7	P8	not_exposed	15.3029146270265	1
X054_7	P8	not_exposed	19.0075520671209	3
X055_7	P8	not_exposed	19.8820880258357	1
X056_7	P8	not_exposed	8.13550169473544	1
X057_7	P8	not_exposed	21.0336509335242	1
X060_7	P8	not_exposed	24.6699416286193	1
X061_7	P8	not_exposed	18.5309529318143	1
X062_7	P8	not_exposed	22.9616001581304	1
X063_7	P8	not_exposed	15.7202760983675	3
X065_7	P8	not_exposed	15.0588277842712	3
X066_7	P8	not_exposed	18.6497136768577	1
X067_7	P8	not_exposed	15.0371296827441	1
X068_7	P8	not_exposed	15.3762533937606	1
X069_7	P8	not_exposed	11.293340022546	3
X070_7	P8	not_exposed	12.793172429808	1
X071_7	P8	not_exposed	10.329811536265	1
X073_7	P8	not_exposed	19.3741678504777	3
X075_7	P8	not_exposed	14.1576240924163	1
X076_7	P8	not_exposed	19.0212940958106	1
X077_7	P8	not_exposed	19.4730246287151	1
X078_7	P8	not_exposed	8.45845928747911	1
X079_7	P8	not_exposed	22.4322395397938	1
X080_7	P8	not_exposed	16.334857622146	1
X081_7	P8	not_exposed	16.1288490482095	1
X082_7	P8	not_exposed	13.2353811282433	3
X083_7	P8	not_exposed	20.0511459285056	1
X084_7	P8	not_exposed	22.7724153838925	1
X085_7	P8	not_exposed	21.0515754113772	6
X087_7	P8	not_exposed	18.6713235210805	1
X088_7	P8	not_exposed	14.1912722667179	1
X089_7	P8	not_exposed	16.6522884079664	1
X090_7	P8	not_exposed	17.1209646124185	3
X091_7	P8	not_exposed	19.1865631610376	1
X092_7	P8	not_exposed	14.6276366070079	3
X094_7	P8	not_exposed	15.7384205948286	1
X095_7	P8	not_exposed	23.0807504691632	1
X096_7	P8	not_exposed	13.7424365491499	1
X097_7	P8	not_exposed	15.1240345041439	3
X098_7	P8	not_exposed	19.7441166553209	1
X099_7	P8	not_exposed	13.4082470056203	1
X101_7	P8	not_exposed	23.2568697905774	1
X102_7	P8	not_exposed	21.2364383535997	1
X105_7	P8	not_exposed	25.7713377759859	1
X106_7	P8	not_exposed	12.9845385831207	3
X107_7	P8	not_exposed	21.1979364556684	3
X111_7	P8	not_exposed	25.6212188536076	6
X112_7	P8	not_exposed	19.8131754342467	1
X113_7	P8	not_exposed	13.5156481796903	1
X115_7	P8	not_exposed	22.9219257376818	1
X116_7	P8	not_exposed	16.2018421403224	1
X117_7	P8	not_exposed	14.6282604925531	3
X118_7	P8	not_exposed	18.5965370286746	1
X119_7	P8	not_exposed	19.5062497133989	1
X120_7	P8	not_exposed	21.5986186310889	1
X121_7	P8	not_exposed	15.1759967413729	2
X122_7	P8	not_exposed	15.2057008496656	3
X123_7	P8	not_exposed	13.7942767092869	1
X125_7	P8	not_exposed	14.3488601866091	1
X126_7	P8	not_exposed	19.4133244856622	1
X127_7	P8	not_exposed	9.14713294236648	1
X128_7	P8	not_exposed	26.5429548368713	1
X129_7	P8	not_exposed	17.7273301045051	1
X130_7	P8	not_exposed	16.4696157488298	1
X131_7	P8	not_exposed	17.1678744749436	3
X132_7	P8	not_exposed	11.8650697850355	5
X133_7	P8	not_exposed	22.570916537749	1
X134_7	P8	not_exposed	19.3112230606466	1
X137_7	P8	not_exposed	13.812556074348	3
X138_7	P8	not_exposed	22.4266178539157	1
X140_7	P8	not_exposed	21.2821274471675	1
X141_7	P8	not_exposed	22.2585649765132	1
X142_7	P8	not_exposed	22.3774038084526	1
X143_7	P8	not_exposed	12.0724111385003	1
X144_7	P8	not_exposed	15.9904663344934	1
X145_7	P8	not_exposed	21.4398814935797	1
X146_7	P8	not_exposed	21.9980682267199	1
X147_7	P8	not_exposed	10.2925244979086	3
X148_7	P8	not_exposed	12.7007336444464	1
X149_7	P8	not_exposed	18.0230319962163	1
X150_7	P8	not_exposed	22.3216758340106	1
X151_7	P8	not_exposed	12.1540824400006	1
X152_7	P8	not_exposed	25.4036266602883	1
X153_7	P8	not_exposed	25.0942730033189	1
X154_7	P8	not_exposed	26.3719556280856	1
X155_7	P8	not_exposed	16.3968235360521	3
X156_7	P8	not_exposed	11.4672098347535	1
X157_7	P8	not_exposed	23.1947482034822	1
X158_7	P8	not_exposed	23.0837312002155	1
X159_7	P8	not_exposed	16.6767026782376	1
X163_7	P8	not_exposed	19.8313819961215	3
X164_7	P8	not_exposed	17.6381562215742	1
X166_7	P8	not_exposed	23.1090123341033	1
X168_7	P8	not_exposed	14.8081573511127	2
X169_7	P8	not_exposed	18.4871313779947	1
X170_7	P8	not_exposed	16.1753703426605	5
X171_7	P8	not_exposed	21.1404493847369	1
X172_7	P8	not_exposed	15.3252878760026	1
X173_7	P8	not_exposed	17.4782014209326	1
X174_7	P8	not_exposed	17.1235674046129	1
X176_7	P8	not_exposed	18.4861251179283	1
X178_7	P8	not_exposed	24.0155172894979	1
X179_7	P8	not_exposed	15.1665068357989	1
X180_7	P8	not_exposed	15.7711015180568	1
X181_7	P8	not_exposed	9.58161300786789	1
X182_7	P8	not_exposed	19.0408301974371	1
X183_7	P8	not_exposed	19.916498819132	1
X184_7	P8	not_exposed	16.2467896136905	1
X185_7	P8	not_exposed	26.0452662151913	1
X186_7	P8	not_exposed	14.1218380123007	1
X188_7	P8	not_exposed	14.2668071810536	1
X189_7	P8	not_exposed	13.9462233082254	1
X191_7	P8	not_exposed	21.0164491728767	1
X192_7	P8	not_exposed	16.3338485316847	1
X193_7	P8	not_exposed	9.16260064654737	1
X194_7	P8	not_exposed	24.9109171279799	1
X195_7	P8	not_exposed	21.3173732115324	3
X196_7	P8	not_exposed	18.2505937060053	1
X197_7	P8	not_exposed	13.5299635777485	1
X198_7	P8	not_exposed	16.4541180817595	3
X199_7	P8	not_exposed	24.0452160125499	1
X200_7	P8	not_exposed	16.1395727186285	1
X201_7	P8	not_exposed	21.6878179994652	1
X202_7	P8	not_exposed	25.4133667092113	1
X203_7	P8	not_exposed	20.3807215586948	3
X204_7	P8	not_exposed	21.08446816281	1
X205_7	P8	not_exposed	23.5768253118099	1
X206_7	P8	not_exposed	12.1254869818552	5
X207_7	P8	not_exposed	23.4631618927499	1
X208_7	P8	not_exposed	21.6760568348346	3
X209_7	P8	not_exposed	25.7278220204484	1
X210_7	P8	not_exposed	22.459686089013	1
X211_7	P8	not_exposed	14.7631180179448	3
X212_7	P8	not_exposed	14.8966303225668	1
X213_7	P8	not_exposed	23.1945989454739	1
X214_7	P8	not_exposed	16.5100137372569	1
X215_7	P8	not_exposed	21.6146307274705	1
X216_7	P8	not_exposed	14.731985630767	1
X217_7	P8	not_exposed	24.2402229234184	1
X218_7	P8	not_exposed	15.7294995846833	1
X219_7	P8	not_exposed	12.3549594862505	1
X221_7	P8	not_exposed	12.2245188780405	1
X222_7	P8	not_exposed	21.9301750215272	1
X223_7	P8	not_exposed	19.5200641228005	1
X224_7	P8	not_exposed	19.7985523546249	1
X225_7	P8	not_exposed	27.6776594503703	1
X227_7	P8	not_exposed	25.9520028142346	1
X228_7	P8	not_exposed	20.6467106653827	1
X229_7	P8	not_exposed	22.235942314521	1
X230_7	P8	not_exposed	21.5315454968222	1
X231_7	P8	not_exposed	17.2133026399569	1
X232_7	P8	not_exposed	21.3645122154292	1
X234_7	P8	not_exposed	17.0207655046454	1
X235_7	P8	not_exposed	22.5526201242094	1
X236_7	P8	not_exposed	14.4152490264398	3
X239_7	P8	not_exposed	20.3177628006303	1
X240_7	P8	not_exposed	21.5842764001791	1
X242_7	P8	not_exposed	18.4603644504885	1
X243_7	P8	not_exposed	14.773802851776	1
X244_7	P8	not_exposed	12.6380982554396	1
X246_7	P8	not_exposed	19.8870600151937	1
X248_7	P8	not_exposed	19.9204277165087	1
X249_7	P8	not_exposed	23.9380726236888	1
X250_7	P8	not_exposed	25.0139532077293	1
X251_7	P8	not_exposed	14.6928170514926	3
X252_7	P8	not_exposed	14.4499130276341	1
X254_7	P8	not_exposed	17.4419607279568	5
X256_7	P8	not_exposed	26.3263345402576	1
X257_7	P8	not_exposed	22.5057058711832	3
X258_7	P8	not_exposed	20.3173588194769	1
X259_7	P8	not_exposed	15.8330922167569	3
X260_7	P8	not_exposed	23.8057703727832	1
X261_7	P8	not_exposed	12.2726262380526	1
X262_7	P8	not_exposed	23.0804210219969	1
X263_7	P8	not_exposed	27.0990443308251	1
X264_7	P8	not_exposed	14.3675741896627	1
X265_7	P8	not_exposed	13.7131456805322	1
X266_7	P8	not_exposed	17.0847910323474	1
X268_7	P8	not_exposed	20.7630163770824	1
X269_7	P8	not_exposed	18.4526361918584	1
X270_7	P8	not_exposed	17.6281412592973	1
X274_7	P8	not_exposed	24.7559697788562	2
X275_7	P8	not_exposed	24.6162354355983	1
X279_7	P8	not_exposed	25.4925878601474	1
X280_7	P8	not_exposed	20.968496625944	1
X281_7	P8	not_exposed	16.679994878815	3
X282_7	P8	not_exposed	17.0392583887755	1
X283_7	P8	not_exposed	20.926843873715	1
X284_7	P8	not_exposed	14.0416281828208	1
X285_7	P8	not_exposed	23.3540980278154	1
X286_7	P8	not_exposed	18.7257659975498	1
X287_7	P8	not_exposed	20.3930698884134	1
X288_7	P8	not_exposed	26.1566719908767	1
X289_7	P8	not_exposed	22.6974623508136	1
X292_7	P8	not_exposed	20.5147791535818	1
X293_7	P8	not_exposed	17.1886984265297	3
X295_7	P8	not_exposed	19.4402726994521	1
X296_7	P8	not_exposed	20.502928268366	1
X298_7	P8	not_exposed	15.6439289647577	1
X299_7	P8	not_exposed	17.0388059480626	1
X301_7	P8	not_exposed	17.5192410437093	3
X303_7	P8	not_exposed	23.1560522637581	1
X304_7	P8	not_exposed	23.851877164914	1
X306_7	P8	not_exposed	11.9801084990958	0
X307_7	P8	not_exposed	16.4670321115448	1
X308_7	P8	not_exposed	19.3836945655086	1
X309_7	P8	not_exposed	14.1386033815214	1
X310_7	P8	not_exposed	22.8019460946649	1
X311_7	P8	not_exposed	15.1217747248593	1
X312_7	P8	not_exposed	15.8849470474442	1
X313_7	P8	not_exposed	14.1944405025527	1
X314_7	P8	not_exposed	19.3560330034555	1
X315_7	P8	not_exposed	15.7740114146983	1
X316_7	P8	not_exposed	17.4593575573873	1
X318_7	P8	not_exposed	18.6965480792641	1
X320_7	P8	not_exposed	18.8450675369148	1
X321_7	P8	not_exposed	16.8299186623278	3
X322_7	P8	not_exposed	9.60240672261338	1
X323_7	P8	not_exposed	21.9178978610043	1
X325_7	P8	not_exposed	21.4173032631289	1
X326_7	P8	not_exposed	17.7593640827966	1
X328_7	P8	not_exposed	18.7597259852115	1
X329_7	P8	not_exposed	21.977104868587	1
X330_7	P8	not_exposed	19.9261693161036	1
X331_7	P8	not_exposed	11.5832842523997	5
X333_7	P8	not_exposed	17.0875937848021	1
X334_7	P8	not_exposed	9.19279816502031	1
X335_7	P8	not_exposed	21.7844154626033	1
X337_7	P8	not_exposed	13.9023726913853	5
X338_7	P8	not_exposed	11.6459662638767	1
X339_7	P8	not_exposed	14.228763497895	1
X340_7	P8	not_exposed	9.03435940882988	3
X341_7	P8	not_exposed	17.6569330409819	1
X342_7	P8	not_exposed	27.3386511965192	1
X344_7	P8	not_exposed	16.7434258428114	1
X345_7	P8	not_exposed	20.665791846579	1
X346_7	P8	not_exposed	17.8463923039983	1
X347_7	P8	not_exposed	23.0827947984795	1
X348_7	P8	not_exposed	12.622417852938	3
X349_7	P8	not_exposed	18.8660224393954	1
X350_7	P8	not_exposed	14.0618788350186	1
X351_7	P8	not_exposed	16.2166416539565	1
X352_7	P8	not_exposed	15.969858696084	3
X353_7	P8	not_exposed	17.8854802373273	1
X355_7	P8	not_exposed	18.3206454688201	1
X356_7	P8	not_exposed	14.1484790263829	3
X361_7	P8	not_exposed	24.5838025812957	1
X363_7	P8	not_exposed	18.4250206722117	5
X364_7	P8	not_exposed	18.9414521252892	3
X365_7	P8	not_exposed	13.9794377040393	3
X367_7	P8	not_exposed	16.9184387468938	1
X368_7	P8	not_exposed	19.0564538062097	1
X369_7	P8	not_exposed	22.3947939957845	1
X370_7	P8	not_exposed	13.0014205851993	1
X371_7	P8	not_exposed	19.5884659007623	1
X372_7	P8	not_exposed	19.4867536699619	1
X374_7	P8	not_exposed	17.1855814486838	1
X375_7	P8	not_exposed	20.4731512468149	1
X376_7	P8	not_exposed	13.369769453309	1
X377_7	P8	not_exposed	22.3649028145147	5
X378_7	P8	not_exposed	15.6971499409269	3
X379_7	P8	not_exposed	23.5926311133426	1
X380_7	P8	not_exposed	18.776053556922	1
